ano,id_municipio,id_municipio_nome,sigla_uf,sigla_uf_nome,populacao_atendida_esgoto,populacao_urbana_atendida_esgoto,quantidade_ligacao_ativa_esgoto,quantidade_economia_ativa_esgoto,quantidade_economia_residencial_ativa_esgoto,volume_esgoto_coletado,volume_esgoto_tratado,volume_esgoto_faturado,receita_operacional_direta_esgoto,despesa_servico_outro,despesas_juros_divida_excecao
2022,1400282,Iracema,RR,Roraima,5158,,1230,2240,2240,120.0,0.0,0.0,0.0,0.0,0.0
2020,1200138,Bujari,AC,Acre,152,152,38,38,38,10.0,0.0,0.0,0.0,0.0,0.0
2016,1200385,Plácido de Castro,AC,Acre,11020,10847,2,,,2000.0,1000.0,0.0,0.0,471131.33,0.0
2014,1200385,Plácido de Castro,AC,Acre,11020,10847,2,,,2000.0,1000.0,0.0,0.0,169730.11,0.0
2022,1303536,Presidente Figueiredo,AM,Amazonas,5000,,1200,1300,1200,620.0,0.0,0.0,10000.0,19900.0,0.0
2020,1400472,Rorainópolis,RR,Roraima,1010,1000,20,,300,30.0,0.0,0.0,0.0,0.0,0.0
2014,1200138,Bujari,AC,Acre,120,120,30,30,30,20.0,0.0,0.0,0.0,27440.19,0.0
2005,1400100,Boa Vista,RR,Roraima,48008,48008,12772,14009,12247,4060.35,4060.35,4060.35,5577240.04,,0.0
2014,1400209,Caracaraí,RR,Roraima,10808,10808,3497,,3808,1035.78,1035.78,0.0,0.0,,0.0
2004,1200401,Rio Branco,AC,Acre,68391,68391,12707,15198,13686,4800.0,0.0,2466.6,3995358.1,0.0,0.0
2014,1200336,Mâncio Lima,AC,Acre,300,300,70,550,80,20.0,0.0,0.0,100000.0,9881.04,1.0
2012,1200385,Plácido de Castro,AC,Acre,13000,10000,400,,,1000.0,1000.0,0.0,0.0,0.0,0.0
2003,1200401,Rio Branco,AC,Acre,59873,59873,12301,14747,13305,4333.8,0.0,2350.2,3069030.4,0.0,0.0
2022,1302900,Maués,AM,Amazonas,12800,,3200,3500,3370,800.0,0.0,0.0,0.0,0.0,0.0
2019,1400159,Bonfim,RR,Roraima,3160,3160,650,,,86.0,56.0,0.0,430923.27,0.0,0.0
2014,1302603,Manaus,AM,Amazonas,199937,199937,49125,56780,51266,27217.1,27217.1,8394.6,40301091.57,9186255.26,16671389.74
2022,1400100,Boa Vista,RR,Roraima,383731,,99139,100130,92443,21424.56,21424.56,14437.28,39197107.62,36484088.43,0.0
2018,1302603,Manaus,AM,Amazonas,266737,266737,65104,74159,68394,17227.5,17227.5,9993.73,54511137.92,31691420.28,3465773.22
2016,1200401,Rio Branco,AC,Acre,82966,82966,21851,25564,23503,4354.32,4354.32,4354.32,7342749.81,8915580.97,0.0
2015,1400100,Boa Vista,RR,Roraima,181752,181752,49776,50373,46671,13787.74,13645.17,6410.55,15072111.62,21616475.29,0.0
2011,1302603,Manaus,AM,Amazonas,491849,491849,36456,43553,38081,21517.0,21517.0,7252.0,21428598.53,7428489.63,14548787.36
2007,1303536,Presidente Figueiredo,AM,Amazonas,1420,1420,395,395,312,94.78,62.78,0.0,0.0,0.0,0.0
2005,1200401,Rio Branco,AC,Acre,58667,58667,13739,16612,14884,4800.0,1892.0,2635.4,3057957.06,0.0,0.0
2020,1400100,Boa Vista,RR,Roraima,369304,369304,89696,90414,81750,17659.1,17659.1,11725.42,32056294.17,44953976.32,0.0
2021,1400308,Mucajaí,RR,Roraima,10784,10784,1651,,,832.0,0.0,0.0,0.0,0.0,0.0
2014,1400233,Caroebe,RR,Roraima,2000,1000,200,900,800,200.0,0.0,0.0,0.0,15000.0,1500.0
2017,1400100,Boa Vista,RR,Roraima,207625,207625,59847,60445,56347,14776.0,14776.0,7248.72,20968781.2,17581830.11,30182940.07
2016,1200138,Bujari,AC,Acre,120,120,40,40,40,20.0,0.0,0.0,0.0,335733.18,0.0
2013,1200328,Jordão,AC,Acre,3500,2000,150,,,500.0,0.0,0.0,1500.0,47636.34,500.0
2008,1302603,Manaus,AM,Amazonas,191465,191465,29200,33820,29670,20586.0,16449.0,6324.0,20166933.0,19410803.0,17558857.0
2021,1301001,Carauari,AM,Amazonas,6000,6000,2470,3250,2000,180.0,0.0,0.0,0.0,26392.0,0.0
2012,1200104,Brasiléia,AC,Acre,5000,5000,1300,1301,1250,55.0,55.0,0.0,0.0,0.0,0.0
2012,1400100,Boa Vista,RR,Roraima,116062,116062,34843,35644,30853,8258.14,8258.14,3794.53,8460276.59,5112167.53,0.0
2008,1200401,Rio Branco,AC,Acre,57308,57308,14519,17557,15831,2931.61,204.0,2931.61,4247484.88,168157.88,0.0
2007,1302603,Manaus,AM,Amazonas,186471,186471,29416,34483,29768,20512.0,9308.0,5766.0,15865286.0,5945349.0,1941419.0
2019,1200401,Rio Branco,AC,Acre,88199,87950,23075,27055,24915,4472.62,4472.62,4472.62,8965444.0,6553807.74,0.0
2015,1200401,Rio Branco,AC,Acre,83548,83548,21857,25680,23668,4083.41,4083.41,4083.41,7000045.48,0.0,0.0
2015,1304237,Tonantins,AM,Amazonas,7850,7828,8226,8426,3528,560.0,0.0,0.0,0.0,6229.0,4526.0
2008,1303536,Presidente Figueiredo,AM,Amazonas,1420,1420,395,395,312,94.78,0.0,0.0,0.0,0.0,0.0
2018,1200104,Brasiléia,AC,Acre,5800,5800,1330,1340,1290,78.0,77.0,0.0,0.0,426289.84,0.0
2020,1301001,Carauari,AM,Amazonas,6000,6000,2470,3000,2000,113.0,0.0,0.0,1000.0,2254109.09,0.0
2008,1400100,Boa Vista,RR,Roraima,50105,50105,12998,14422,12464,3992.07,3992.07,3992.07,6396163.0,,0.0
2014,1400100,Boa Vista,RR,Roraima,125471,125471,33953,34428,31646,6856.27,6856.27,6174.33,11601663.38,39415914.33,0.0
2011,1200401,Rio Branco,AC,Acre,68000,68000,16361,19656,17719,3352.0,3352.0,3330.0,5795285.0,15458761.0,0.0
2011,1400100,Boa Vista,RR,Roraima,85224,85224,22751,24503,21063,3686.14,3686.14,3686.14,7410934.6,10540416.61,0.0
2018,1400100,Boa Vista,RR,Roraima,275081,275081,78922,79711,74562,15088.01,15088.01,9251.6,26554561.2,20276588.15,50342495.41
2005,1302603,Manaus,AM,Amazonas,184109,184109,23943,27338,24494,18894.2,8818.3,5558.6,12470540.0,2446260.0,9043230.0
2004,1400100,Boa Vista,RR,Roraima,46342,46342,12692,13961,12222,3978.0,3978.0,3978.0,4222532.83,,0.0
2019,1301001,Carauari,AM,Amazonas,6000,6000,2470,3000,2000,113.0,0.0,0.0,1000.0,18000.0,0.0
2020,1400159,Bonfim,RR,Roraima,3160,3160,650,,,86.0,56.0,0.0,430923.27,0.0,0.0
2018,1400209,Caracaraí,RR,Roraima,10808,10808,3497,,3808,1035.78,1035.78,0.0,0.0,104000.0,0.0
2019,1302603,Manaus,AM,Amazonas,434340,434340,64786,73241,67833,19544.57,19544.57,10491.18,55425612.2,134927427.22,5642612.58
2016,1200104,Brasiléia,AC,Acre,5800,5800,1330,1340,1290,75.0,75.0,0.0,0.0,410340.55,0.0
2012,1303536,Presidente Figueiredo,AM,Amazonas,13708,13708,1028,1028,975,1500.0,0.0,0.0,0.0,45179.94,0.0
2010,1200401,Rio Branco,AC,Acre,68000,68000,15000,17405,15731,3732.5,2986.0,3732.5,5025934.31,0.0,0.0
2009,1303536,Presidente Figueiredo,AM,Amazonas,3084,3084,1028,1028,986,412.0,0.0,0.0,0.0,45180.0,0.0
2018,1301001,Carauari,AM,Amazonas,6000,6000,2470,3000,2000,100.0,0.0,0.0,1000.0,0.0,0.0
2014,1200401,Rio Branco,AC,Acre,77271,73127,19134,22590,20716,3880.14,3880.14,3880.14,6594194.31,278321.9,0.0
2013,1400100,Boa Vista,RR,Roraima,120766,120766,33398,37506,29701,8904.02,8904.02,4345.1,7554221.4,15316272.65,0.0
2022,1302603,Manaus,AM,Amazonas,538324,,76069,90451,86234,21968.32,21968.32,12811.56,78510261.84,204056538.92,90054396.25
2017,1303536,Presidente Figueiredo,AM,Amazonas,16124,16124,16124,16124,7000,1500.0,0.0,0.0,400000.0,,0.0
2015,1200104,Brasiléia,AC,Acre,5800,5800,1330,1340,1290,75.0,75.0,0.0,0.0,,0.0
2013,1303536,Presidente Figueiredo,AM,Amazonas,4446,4446,1100,1100,1050,1560.0,0.0,0.0,0.0,0.0,0.0
2010,1302603,Manaus,AM,Amazonas,383470,383470,32498,37285,33576,48494.29,48494.29,6183.0,19249746.0,26918267.59,18600460.17
2006,1400100,Boa Vista,RR,Roraima,49931,49931,12794,14439,12235,3842.9,3842.9,3842.9,5580909.42,,0.0
2020,1400308,Mucajaí,RR,Roraima,10784,10784,1651,,,832.0,0.0,0.0,0.0,0.0,0.0
2018,1400472,Rorainópolis,RR,Roraima,5000,5000,1100,1200,1000,150.0,0.0,0.0,0.0,685000.0,0.0
2014,1303536,Presidente Figueiredo,AM,Amazonas,4578,4578,1100,1100,1050,600.0,0.0,0.0,0.0,0.0,0.0
2016,1400209,Caracaraí,RR,Roraima,10808,10808,3497,,3808,1035.78,1035.78,0.0,0.0,60840.0,0.0
2018,1200401,Rio Branco,AC,Acre,82178,81945,21544,25301,23214,4201.92,4201.92,4201.92,8887783.45,8913332.86,0.0
2018,1400456,Pacaraima,RR,Roraima,7000,500,8,,,300.0,0.0,0.0,10000.0,10500.0,2000.0
2012,1302603,Manaus,AM,Amazonas,511863,511863,40820,47960,42370,24886.41,24886.41,7326.0,27679607.59,13450148.5,12655943.22
2016,1400159,Bonfim,RR,Roraima,1612,1612,437,,,84.0,42.0,0.0,0.0,0.0,0.0
2022,1200401,Rio Branco,AC,Acre,75383,,25816,30534,,6928.69,93.15,3380.75,10895612.59,0.0,601188.96
2021,1400209,Caracaraí,RR,Roraima,11477,11477,3497,3808,3808,1035.78,1035.78,0.0,0.0,132399.0,0.0
2012,1200401,Rio Branco,AC,Acre,82890,82890,18400,21737,21737,3644.85,3644.85,3644.85,8016105.01,27401585.82,0.0
2021,1200385,Plácido de Castro,AC,Acre,1783,1783,505,505,,78.6,0.0,0.0,0.0,0.0,0.0
2009,1200401,Rio Branco,AC,Acre,62202,62202,14964,17183,15547,3128.0,2503.0,3128.0,4117709.0,153000.0,0.0
2009,1400100,Boa Vista,RR,Roraima,50386,50386,13338,14701,12769,4006.45,4006.45,4006.45,7827392.13,,0.0
2020,1200385,Plácido de Castro,AC,Acre,1516,1516,505,505,,66.96,0.0,0.0,0.0,0.0,0.0
2020,1400209,Caracaraí,RR,Roraima,11477,11477,3497,3808,3808,1035.78,1035.78,0.0,0.0,95563.2,0.0
2022,1400159,Bonfim,RR,Roraima,7152,,2298,,2148,328.17,127.0,116.0,868463.24,0.0,0.0
2000,1200401,Rio Branco,AC,Acre,53516,,11946,13379,12710,,0.0,1896.0,0.0,0.0,
2020,1400282,Iracema,RR,Roraima,3581,3581,503,,,85.0,0.0,0.0,100000.0,0.0,0.0
2014,1200104,Brasiléia,AC,Acre,5800,5800,1330,1340,1290,75.0,75.0,0.0,0.0,11760.08,0.0
2006,1302603,Manaus,AM,Amazonas,185050,185050,24931,28897,25945,19780.0,9215.0,5571.0,13316407.0,4256312.0,3270210.0
2003,1400100,Boa Vista,RR,Roraima,45566,45566,12063,13337,11624,3636.2,3636.2,3636.2,3465160.39,,0.0
2017,1304237,Tonantins,AM,Amazonas,7850,7828,8226,8426,3528,560.0,0.0,0.0,0.0,6229.0,4526.0
2017,1302603,Manaus,AM,Amazonas,261062,261062,63604,72758,66939,25286.8,25286.8,9245.92,48483717.35,12553928.03,15804003.94
2020,1302900,Maués,AM,Amazonas,7360,7360,1472,1472,1421,814.14,814.14,0.0,0.0,0.0,0.0
2019,1400209,Caracaraí,RR,Roraima,11089,11089,3497,3808,3808,1035.78,1035.78,0.0,0.0,104000.0,0.0
2022,1400209,Caracaraí,RR,Roraima,11477,,3497,3808,3808,1035.78,1035.78,0.0,0.0,132982.5,0.0
2020,1200401,Rio Branco,AC,Acre,88008,87759,23045,27001,24861,4740.98,4740.98,4740.98,9229417.72,12867579.66,0.0
2016,1303700,Santo Antônio do Içá,AM,Amazonas,1010,1010,38,39,,88.0,0.0,0.0,10000.0,47668.0,0.0
2015,1400209,Caracaraí,RR,Roraima,10808,10808,3497,,3808,1035.78,1035.78,0.0,0.0,60840.0,0.0
2002,1400100,Boa Vista,RR,Roraima,36260,36260,9401,10497,9020,3407.7,3407.7,3407.7,3526287.59,,0.0
2017,1200401,Rio Branco,AC,Acre,83010,82970,21693,25432,23351,4329.95,4329.95,4329.95,7312063.23,9896968.84,0.0
2017,1400209,Caracaraí,RR,Roraima,10808,10808,3497,,3808,1035.78,1035.78,0.0,0.0,0.0,0.0
2013,1302603,Manaus,AM,Amazonas,175387,175387,43075,50563,44971,25784.04,25784.04,7458.85,34304587.1,10575467.16,13557971.72
2019,1400100,Boa Vista,RR,Roraima,351037,351037,84662,85229,80337,16025.58,16025.58,10394.33,29588130.8,34409070.47,0.0
2017,1200104,Brasiléia,AC,Acre,5800,5800,1330,1340,1290,75.0,75.0,0.0,0.0,163113.26,0.0
2010,1400100,Boa Vista,RR,Roraima,53162,53162,13524,13935,13014,3765.79,3765.79,3765.79,7547239.0,473987.43,0.0
2017,1301001,Carauari,AM,Amazonas,6000,6000,2470,,,100.0,0.0,0.0,1000.0,0.0,0.0
2015,1302603,Manaus,AM,Amazonas,213935,213935,52212,60475,54855,26753.51,26753.51,8345.44,41066383.08,3789780.63,19308589.33
2007,1200401,Rio Branco,AC,Acre,59448,59448,13460,16422,14731,2265.0,204.0,2664.81,2188488.19,0.0,0.0
2012,1200336,Mâncio Lima,AC,Acre,296,296,71,71,71,10.0,0.0,0.0,0.0,0.0,0.0
2012,1304237,Tonantins,AM,Amazonas,350,350,119,150,150,15.0,0.0,0.0,0.0,0.0,0.0
2014,1400159,Bonfim,RR,Roraima,2256,2134,546,,,29.0,0.0,0.0,0.0,,354.0
2020,1200328,Jordão,AC,Acre,1200,1200,280,,,25.0,0.0,0.0,0.0,0.0,0.0
2021,1200401,Rio Branco,AC,Acre,95098,87317,24572,29833,26940,4766.25,2874.09,4766.25,9419057.6,15887242.45,0.0
2020,1303536,Presidente Figueiredo,AM,Amazonas,5000,5000,1200,1200,1000,620.0,0.0,0.0,0.0,0.0,0.0
2021,1302603,Manaus,AM,Amazonas,574167,574167,78628,88634,88606,19368.0,19368.0,11665.0,64295562.29,146833638.99,77689287.14
2020,1302603,Manaus,AM,Amazonas,487158,487158,65205,80492,74974,20521.0,20521.0,11023.0,61063238.65,141189020.96,34158086.41
2013,1200401,Rio Branco,AC,Acre,72046,71843,18893,22262,20352,3728.55,3728.55,3728.55,6405157.8,6907268.94,0.0
2015,1200385,Plácido de Castro,AC,Acre,11020,10847,2,,,2000.0,1000.0,0.0,0.0,154050.0,0.0
2016,1400100,Boa Vista,RR,Roraima,184985,184985,53299,53815,50204,14500.0,12380.0,7052.83,18281074.44,31152480.16,0.0
2009,1302603,Manaus,AM,Amazonas,209672,209672,29351,36725,32881,29999.0,28498.0,6371.0,20420430.0,772641.0,19455872.0
2002,1302603,Manaus,AM,Amazonas,96975,96975,21356,26032,22529,10810.0,2210.0,4489.0,7422000.0,0.0,23858000.0
2001,1400100,Boa Vista,RR,Roraima,32196,32196,8485,9497,8009,2989.89,2989.89,2989.89,2938028.88,,
2016,1302603,Manaus,AM,Amazonas,213248,213248,52275,60133,54679,26779.35,26779.35,8445.7,46601002.7,1562639.29,17559173.5
2003,1302603,Manaus,AM,Amazonas,120234,120234,23326,27432,24519,11630.0,3638.0,5929.0,9813277.0,29169749.0,17900342.0
2022,1400308,Mucajaí,RR,Roraima,9788,,2017,,,407.28,407.28,0.0,0.0,0.0,0.0
2021,1200138,Bujari,AC,Acre,152,152,38,38,38,10.0,0.0,0.0,0.0,0.0,0.0
2021,1400159,Bonfim,RR,Roraima,6472,6472,2213,,2123,176.0,115.0,226.69,797715.9,0.0,0.0
2015,1303536,Presidente Figueiredo,AM,Amazonas,5000,5000,1200,1200,1100,620.0,0.0,0.0,0.0,215000.0,0.0
2020,1200336,Mâncio Lima,AC,Acre,11112,11112,3704,,,486.71,486.71,0.0,0.0,0.0,0.0
2021,1303536,Presidente Figueiredo,AM,Amazonas,5000,5000,1200,1200,1000,620.0,0.0,0.0,0.0,0.0,0.0
2013,1200104,Brasiléia,AC,Acre,5500,5500,1330,1340,1290,75.0,75.0,0.0,0.0,238181.69,0.0
2002,1200401,Rio Branco,AC,Acre,65473,65473,12035,14582,13046,5906.4,0.0,2094.0,1976435.0,0.0,0.0
2004,1302603,Manaus,AM,Amazonas,184212,184212,23719,27554,24749,12000.0,3000.0,5772.0,12163886.0,14871440.99,3575502.95
2001,1200401,Rio Branco,AC,Acre,53516,53516,11946,13379,12710,,,2445.0,3522185.23,0.0,
2021,1400100,Boa Vista,RR,Roraima,401944,401944,119566,120762,112925,19369.41,19369.41,12942.5,34958524.75,92470667.9,0.0
2016,1304237,Tonantins,AM,Amazonas,7850,7828,8226,8426,3528,560.0,0.0,0.0,0.0,6229.0,4526.0
2010,1303536,Presidente Figueiredo,AM,Amazonas,7800,7800,1201,1201,1201,412.0,0.0,0.0,0.0,0.0,0.0
2006,1200401,Rio Branco,AC,Acre,74138,74138,13579,16475,14789,2618.0,194.0,2663.3,2203324.71,0.0,0.0
2022,1200336,Mâncio Lima,AC,Acre,12000,,4100,,,550.71,550.71,0.0,0.0,1012587.39,1000.0
2021,1200336,Mâncio Lima,AC,Acre,11112,11112,4100,,,550.71,550.71,0.0,0.0,0.0,0.0
2007,1400100,Boa Vista,RR,Roraima,49946,49946,12957,14412,12339,4117.6,4117.6,4117.6,6543865.22,,0.0
2017,1200054,Assis Brasil,AC,Acre,,,,,,,,,,81556.63,0.0
2017,1200138,Bujari,AC,Acre,,,,,,,,,,118627.83,0.0
2019,1400407,Normandia,RR,Roraima,,,,,,,,,,0.0,0.0
2020,1400605,São Luiz,RR,Roraima,,,,,,,,,,,0.0
2016,1400282,Iracema,RR,Roraima,,,,,,,,,,0.0,0.0
2011,1200328,Jordão,AC,Acre,,,,,,,,,,0.0,0.0
2011,1400159,Bonfim,RR,Roraima,,,,,,,,,,0.0,0.0
2007,1400282,Iracema,RR,Roraima,,,,,,,,,,,0.0
2006,1400605,São Luiz,RR,Roraima,,,,,,,,,,,0.0
2021,1200328,Jordão,AC,Acre,,,,,,,,,,0.0,0.0
2013,1200054,Assis Brasil,AC,Acre,,,,,,,,,,47636.34,0.0
2012,1200302,Feijó,AC,Acre,,,,,,,,,,0.0,0.0
2013,1200351,Marechal Thaumaturgo,AC,Acre,,,,,,,,,,47636.34,0.0
2013,1200609,Tarauacá,AC,Acre,,,,,,,,,,381090.7,0.0
2011,1400175,Cantá,RR,Roraima,,,,,,,,,,0.0,0.0
2007,1400308,Mucajaí,RR,Roraima,,,,,,,,,,,0.0
2007,1400605,São Luiz,RR,Roraima,,,,,,,,,,,0.0
2000,1300680,Boa Vista do Ramos,AM,Amazonas,,,,,,,,,,8055.34,
2017,1200351,Marechal Thaumaturgo,AC,Acre,,,,,,,,,,103799.35,0.0
2021,1200435,Santa Rosa do Purus,AC,Acre,,,,,,,,,,0.0,0.0
2019,1200450,Senador Guiomard,AC,Acre,,,,,,,,,,,0.0
2020,1200609,Tarauacá,AC,Acre,,,,,,,,,,,0.0
2012,1200328,Jordão,AC,Acre,,,,,,,,,,0.0,0.0
2012,1200500,Sena Madureira,AC,Acre,,,,,,,,,,0.0,0.0
2015,1200609,Tarauacá,AC,Acre,,,,,,,,,,,0.0
2014,1302900,Maués,AM,Amazonas,,,,,,,,,,108503.18,0.0
2013,1303403,Parintins,AM,Amazonas,,,,,,,,,,195143.62,5935.69
2011,1200609,Tarauacá,AC,Acre,,,,,,,,,,0.0,0.0
2010,1400159,Bonfim,RR,Roraima,,,,,,,,,,0.0,0.0
2010,1400209,Caracaraí,RR,Roraima,,,,,,,,,,0.0,0.0
2022,1200351,Marechal Thaumaturgo,AC,Acre,,,,,,,,,,137040.96,0.0
2022,1304302,Urucará,AM,Amazonas,,,,,,,,,,27076.93,0.0
2021,1200203,Cruzeiro do Sul,AC,Acre,,,,,,,,,,0.0,0.0
2021,1200252,Epitaciolândia,AC,Acre,,,,,,,,,,0.0,0.0
2018,1200328,Jordão,AC,Acre,,,,,,,,,,193768.11,0.0
2021,1200351,Marechal Thaumaturgo,AC,Acre,,,,,,,,,,0.0,0.0
2020,1304302,Urucará,AM,Amazonas,,,,,,,,,,74608.75,0.0
2014,1200203,Cruzeiro do Sul,AC,Acre,,,,,,,,,,19600.13,0.0
2015,1400027,Amajari,RR,Roraima,,,,,,,,,,,0.0
2014,1400282,Iracema,RR,Roraima,,,,,,,,,,,0.0
2011,1301902,Itacoatiara,AM,Amazonas,,,,,,,,,,0.0,0.0
2007,1400175,Cantá,RR,Roraima,,,,,,,,,,,0.0
2006,1301902,Itacoatiara,AM,Amazonas,,,,,,,,,,0.0,0.0
2004,1302900,Maués,AM,Amazonas,,,,,,,,,,0.0,0.0
2022,1200179,Capixaba,AC,Acre,,,,,,,,,,255189.22,0.0
2021,1200807,Porto Acre,AC,Acre,,,,,,,,,,0.0,0.0
2018,1200807,Porto Acre,AC,Acre,,,,,,,,,,426289.83,0.0
2019,1303205,Novo Airão,AM,Amazonas,,,,,,,,,,0.0,0.0
2015,1200013,Acrelândia,AC,Acre,,,,,,,,,,,0.0
2016,1200708,Xapuri,AC,Acre,,,,,,,,,,410340.55,0.0
2016,1400050,Alto Alegre,RR,Roraima,,,,,,,,,,0.0,0.0
2012,1400407,Normandia,RR,Roraima,,,,,,,,,,0.0,0.0
2016,1400506,São João da Baliza,RR,Roraima,,,,,,,,,,0.0,0.0
2009,1400308,Mucajaí,RR,Roraima,,,,,,,,,,,0.0
2006,1400282,Iracema,RR,Roraima,,,,,,,,,,,0.0
2022,1400027,Amajari,RR,Roraima,,,,,,,,,,0.0,0.0
2022,1400233,Caroebe,RR,Roraima,,,,,,,,,,0.0,0.0
2018,1200302,Feijó,AC,Acre,,,,,,,,,,368159.4,0.0
2020,1200500,Sena Madureira,AC,Acre,,,,,,,,,,,0.0
2021,1302702,Manicoré,AM,Amazonas,,,,,,,,,,0.0,0.0
2014,1200054,Assis Brasil,AC,Acre,,,,,,,,,,0.0,0.0
2016,1200336,Mâncio Lima,AC,Acre,,,,,,,,,,279777.65,0.0
2014,1200351,Marechal Thaumaturgo,AC,Acre,,,,,,,,,,1960.01,0.0
2013,1200385,Plácido de Castro,AC,Acre,,,,,,,,,,381090.7,0.0
2013,1200427,Rodrigues Alves,AC,Acre,,,0,0,0,0.0,0.0,0.0,0.0,47636.34,0.0
2012,1400050,Alto Alegre,RR,Roraima,,,,,,,,,,0.0,0.0
2007,1200179,Capixaba,AC,Acre,,,,,,,,,,0.0,0.0
2011,1400308,Mucajaí,RR,Roraima,,,,,,,,,,0.0,0.0
2008,1400472,Rorainópolis,RR,Roraima,,,,,,,,,,,0.0
2021,1300607,Benjamin Constant,AM,Amazonas,,,,,,,,,,0.0,0.0
2020,1303403,Parintins,AM,Amazonas,,,,,,,,,,138823.62,0.0
2020,1303569,Rio Preto da Eva,AM,Amazonas,,,,,,,,,,0.0,0.0
2017,1400456,Pacaraima,RR,Roraima,,,,,,,,,,0.0,0.0
2019,1400472,Rorainópolis,RR,Roraima,,,,,,,,,,0.0,0.0
2019,1400506,São João da Baliza,RR,Roraima,,,,,,,,,,0.0,0.0
2015,1303957,São Sebastião do Uatumã,AM,Amazonas,,,,,,,,,,0.0,0.0
2013,1303957,São Sebastião do Uatumã,AM,Amazonas,,,,,,,,,,0.0,0.0
2012,1400209,Caracaraí,RR,Roraima,,,,,,,,,,0.0,0.0
2014,1400407,Normandia,RR,Roraima,,,,,,,,,,,0.0
2009,1400209,Caracaraí,RR,Roraima,,,,,,,,,,,0.0
2010,1400704,Uiramutã,RR,Roraima,,,,,,,,,,0.0,0.0
2003,1400159,Bonfim,RR,Roraima,,,,,,,,,,,0.0
2003,1400209,Caracaraí,RR,Roraima,,,,,,,,,,,0.0
2004,1400472,Rorainópolis,RR,Roraima,,,,,,,,,,,0.0
1999,1303403,Parintins,AM,Amazonas,,,,,,,,,,0.0,
2020,1200252,Epitaciolândia,AC,Acre,,,,,,,,,,,0.0
2017,1200450,Senador Guiomard,AC,Acre,,,,,,,,,,177941.74,0.0
2021,1200609,Tarauacá,AC,Acre,,,,,,,,,,0.0,0.0
2017,1400605,São Luiz,RR,Roraima,,,,,,,,,,75490.06,0.0
2012,1200393,Porto Walter,AC,Acre,,,,,,,,,,0.0,0.0
2012,1200435,Santa Rosa do Purus,AC,Acre,,,,,,,,,,0.0,0.0
2015,1200450,Senador Guiomard,AC,Acre,,,,,,,,,,,0.0
2015,1304302,Urucará,AM,Amazonas,,,,,,,,,,,0.0
2014,1400175,Cantá,RR,Roraima,,,,,,,,,,,0.0
2015,1400407,Normandia,RR,Roraima,,,,,,,,,,,0.0
2013,1400472,Rorainópolis,RR,Roraima,,,,,,,,,,,0.0
2010,1200054,Assis Brasil,AC,Acre,,,,,,,,,,0.0,0.0
2010,1200203,Cruzeiro do Sul,AC,Acre,,,,,,,,,,0.0,0.0
2011,1200252,Epitaciolândia,AC,Acre,,,,,,,,,,0.0,0.0
2010,1400050,Alto Alegre,RR,Roraima,,,,,,,,,,0.0,0.0
2010,1400233,Caroebe,RR,Roraima,,,,,,,,,,0.0,0.0
2010,1400282,Iracema,RR,Roraima,,,,,,,,,,0.0,0.0
2010,1400456,Pacaraima,RR,Roraima,,,,,,,,,,0.0,0.0
2004,1301902,Itacoatiara,AM,Amazonas,,,,,,,,,,0.0,0.0
2004,1400209,Caracaraí,RR,Roraima,,,,,,,,,,,0.0
2022,1400175,Cantá,RR,Roraima,,,,,,,,,,0.0,0.0
2019,1200807,Porto Acre,AC,Acre,,,,,,,,,,,0.0
2020,1300201,Atalaia do Norte,AM,Amazonas,,,,,,,,,,72717.71,0.0
2021,1400472,Rorainópolis,RR,Roraima,,,,,,,,,,711012.91,0.0
2014,1200807,Porto Acre,AC,Acre,,,,,,,,,,21560.15,0.0
2015,1300904,Canutama,AM,Amazonas,,,,,,,,,,5000.0,0.0
2015,1400159,Bonfim,RR,Roraima,,,,,,,,,,,0.0
2016,1400407,Normandia,RR,Roraima,,,,,,,,,,0.0,0.0
2011,1200385,Plácido de Castro,AC,Acre,,,,,,,,,,0.0,0.0
2009,1400233,Caroebe,RR,Roraima,,,,,,,,,,,0.0
2006,1302900,Maués,AM,Amazonas,,,,,,,,,,0.0,0.0
2005,1400050,Alto Alegre,RR,Roraima,,,,,,,,,,,0.0
2004,1400175,Cantá,RR,Roraima,,,,,,,,,,,0.0
2003,1400308,Mucajaí,RR,Roraima,,,,,,,,,,,0.0
2022,1200344,Manoel Urbano,AC,Acre,,,,,,,,,,377600.74,0.0
2021,1200104,Brasiléia,AC,Acre,,,,,,,,,,0.0,0.0
2018,1200179,Capixaba,AC,Acre,,,,,,,,,,251898.54,0.0
2020,1300904,Canutama,AM,Amazonas,,,,,,,,,,0.0,0.0
2021,1303403,Parintins,AM,Amazonas,,,,,,,,,,,0.0
2019,1400050,Alto Alegre,RR,Roraima,,,,,,,,,,0.0,0.0
2018,1400050,Alto Alegre,RR,Roraima,,,,,,,,,,,0.0
2015,1200336,Mâncio Lima,AC,Acre,,,,,,,,,,,0.0
2012,1400233,Caroebe,RR,Roraima,,,,,,,,,,0.0,0.0
2010,1303403,Parintins,AM,Amazonas,,,,,,,,,,0.0,812.75
2011,1400050,Alto Alegre,RR,Roraima,,,,,,,,,,0.0,0.0
2022,1200054,Assis Brasil,AC,Acre,,,,,,,,,,309388.71,0.0
2022,1301209,Coari,AM,Amazonas,,,,,,,,,,303000.0,0.0
2019,1200054,Assis Brasil,AC,Acre,,,,,,,,,,,0.0
2017,1200252,Epitaciolândia,AC,Acre,,,,,,,,,,140870.54,0.0
2019,1200435,Santa Rosa do Purus,AC,Acre,,,,,,,,,,,0.0
2020,1400175,Cantá,RR,Roraima,,,,,,,,,,,0.0
2015,1200054,Assis Brasil,AC,Acre,,,,,,,,,,,0.0
2015,1200138,Bujari,AC,Acre,,,,,,,,,,,0.0
2016,1200203,Cruzeiro do Sul,AC,Acre,,,,,,,,,,1324280.85,0.0
2012,1303569,Rio Preto da Eva,AM,Amazonas,,,,,,,,,,0.0,0.0
2012,1400027,Amajari,RR,Roraima,,,,,,,,,,0.0,0.0
2011,1200138,Bujari,AC,Acre,,,,,,,,,,0.0,0.0
2003,1303957,São Sebastião do Uatumã,AM,Amazonas,,,,,,,,,,0.0,0.0
2004,1400456,Pacaraima,RR,Roraima,,,,,,,,,,,0.0
2006,1400704,Uiramutã,RR,Roraima,,,,,,,,,,,0.0
2022,1200302,Feijó,AC,Acre,,,,,,,,,,343781.14,0.0
2022,1200393,Porto Walter,AC,Acre,,,,,,,,,,198268.76,0.0
2022,1304237,Tonantins,AM,Amazonas,,,,,,,,,,0.0,0.0
2018,1200609,Tarauacá,AC,Acre,,,,,,,,,,678188.37,0.0
2021,1300201,Atalaia do Norte,AM,Amazonas,,,,,,,,,,0.0,0.0
2021,1300508,Barreirinha,AM,Amazonas,,,,,,,,,,0.0,0.0
2018,1304302,Urucará,AM,Amazonas,,,,,,,,,,0.0,0.0
2019,1400308,Mucajaí,RR,Roraima,,,,,,,,,,0.0,0.0
2012,1302900,Maués,AM,Amazonas,,,,,,,,,,28495.0,0.0
2013,1400233,Caroebe,RR,Roraima,,,,,,,,,,,0.0
2011,1200435,Santa Rosa do Purus,AC,Acre,,,,,,,,,,0.0,0.0
2005,1400209,Caracaraí,RR,Roraima,,,,,,,,,,,0.0
2022,1301001,Carauari,AM,Amazonas,,,,,,,,,,0.0,0.0
2019,1200203,Cruzeiro do Sul,AC,Acre,,,,,,,,,,,0.0
2017,1200328,Jordão,AC,Acre,,,,,,,,,,74142.4,0.0
2019,1200500,Sena Madureira,AC,Acre,,,,,,,,,,,0.0
2019,1303403,Parintins,AM,Amazonas,,,,,,,,,,138823.62,0.0
2016,1200013,Acrelândia,AC,Acre,,,,,,,,,,317081.33,0.0
2016,1200609,Tarauacá,AC,Acre,,,,,,,,,,671466.35,0.0
2014,1400027,Amajari,RR,Roraima,,,,,,,,,,,0.0
2010,1400175,Cantá,RR,Roraima,,,,,,,,,,0.0,0.0
2008,1400282,Iracema,RR,Roraima,,,,,,,,,,,0.0
2011,1400506,São João da Baliza,RR,Roraima,,,,,,,,,,0.0,0.0
2006,1200179,Capixaba,AC,Acre,,,,,,,,,,0.0,0.0
2005,1303957,São Sebastião do Uatumã,AM,Amazonas,,,,,,,,,0.0,300.0,0.0
2005,1400308,Mucajaí,RR,Roraima,,,,,,,,,,,0.0
2021,1200054,Assis Brasil,AC,Acre,,,,,,,,,,0.0,0.0
2020,1200302,Feijó,AC,Acre,,,,,,,,,,,0.0
2021,1200708,Xapuri,AC,Acre,,,,,,,,,,0.0,0.0
2021,1303007,Nhamundá,AM,Amazonas,,,,,,,,,,0.0,0.0
2017,1400159,Bonfim,RR,Roraima,,,,,,,,,,0.0,0.0
2014,1200013,Acrelândia,AC,Acre,,,,,,,,,,7840.05,0.0
2015,1200179,Capixaba,AC,Acre,,,,,,,,,,,0.0
2014,1304062,Tabatinga,AM,Amazonas,,,,,,,,,,0.0,0.0
2013,1400605,São Luiz,RR,Roraima,,,,,,,,,,,0.0
2007,1302900,Maués,AM,Amazonas,,,,,,,,,,0.0,0.0
2008,1400209,Caracaraí,RR,Roraima,,,,,,,,,,,0.0
2005,1301902,Itacoatiara,AM,Amazonas,,,,,,,,,,423413.87,0.0
2004,1400050,Alto Alegre,RR,Roraima,,,,,,,,,,,0.0
2003,1400175,Cantá,RR,Roraima,,,,,,,,,,,0.0
2002,1400209,Caracaraí,RR,Roraima,,,,,,,,,,,0.0
2018,1200336,Mâncio Lima,AC,Acre,,,,,,,,,,290652.16,0.0
2017,1300060,Amaturá,AM,Amazonas,,,,,,,,,,0.0,0.0
2019,1400027,Amajari,RR,Roraima,,,,,,,,,,0.0,0.0
2018,1400027,Amajari,RR,Roraima,,,,,,,,,,,0.0
2018,1400159,Bonfim,RR,Roraima,,,,,,,,,,,0.0
2013,1200344,Manoel Urbano,AC,Acre,,,,,,,,,,190545.35,0.0
2016,1303403,Parintins,AM,Amazonas,,,,,,,,,,50000.0,0.0
2015,1400472,Rorainópolis,RR,Roraima,,,,,,,,,,,0.0
2010,1200179,Capixaba,AC,Acre,,,,,,,,,,0.0,0.0
2007,1400050,Alto Alegre,RR,Roraima,,,,,,,,,,,0.0
2009,1400456,Pacaraima,RR,Roraima,,,,,,,,,,,0.0
2005,1302900,Maués,AM,Amazonas,,,,,,,,,,0.0,0.0
2005,1400506,São João da Baliza,RR,Roraima,,,,,,,,,,,0.0
2022,1303569,Rio Preto da Eva,AM,Amazonas,,,,,,,,,,0.0,0.0
2022,1400050,Alto Alegre,RR,Roraima,,,,,,,,,,0.0,0.0
2019,1200609,Tarauacá,AC,Acre,,,,,,,,,,,0.0
2021,1300300,Autazes,AM,Amazonas,,,,,,,,,,0.0,0.0
2019,1400456,Pacaraima,RR,Roraima,,,,,,,,,,0.0,0.0
2013,1200179,Capixaba,AC,Acre,,,,,,,,,,238181.69,0.0
2013,1400456,Pacaraima,RR,Roraima,,,,,,,,,,,0.0
2009,1400605,São Luiz,RR,Roraima,,,,,,,,,,,0.0
2007,1400704,Uiramutã,RR,Roraima,,,,,,,,,,,0.0
2003,1300680,Boa Vista do Ramos,AM,Amazonas,,,,,,,,,,,
2003,1303403,Parintins,AM,Amazonas,,,,,,,,,,49154.22,0.0
2003,1400027,Amajari,RR,Roraima,,,,,,,,,,,0.0
2022,1304260,Uarini,AM,Amazonas,,,,,,,,,,73500.0,3000.0
2021,1200179,Capixaba,AC,Acre,,,,,,,,,,0.0,0.0
2018,1200385,Plácido de Castro,AC,Acre,,,,,,,,,,348782.59,0.0
2018,1200435,Santa Rosa do Purus,AC,Acre,,,,,,,,,,213144.92,0.0
2020,1200708,Xapuri,AC,Acre,,,,,,,,,,,0.0
2014,1200179,Capixaba,AC,Acre,,,,,,,,,,9800.07,0.0
2015,1302702,Manicoré,AM,Amazonas,,,,,,,,,,41857.0,0.0
2015,1400050,Alto Alegre,RR,Roraima,,,,,,,,,,,0.0
2016,1400027,Amajari,RR,Roraima,,,,,,,,,,0.0,0.0
2008,1400175,Cantá,RR,Roraima,,,,,,,,,,,0.0
2006,1300680,Boa Vista do Ramos,AM,Amazonas,,,,,,,,,,0.0,0.0
2002,1400308,Mucajaí,RR,Roraima,,,,,,,,,,,0.0
2002,1400407,Normandia,RR,Roraima,,,,,,,,,,,0.0
2001,1400209,Caracaraí,RR,Roraima,,,,,,,,,,,
2017,1200609,Tarauacá,AC,Acre,,,,,,,,,,259498.37,0.0
2018,1300607,Benjamin Constant,AM,Amazonas,,,,,,,,,,1005398.0,0.0
2014,1301001,Carauari,AM,Amazonas,,,,,,,,,,0.0,0.0
2012,1301001,Carauari,AM,Amazonas,,,,,,,,,,,0.0
2013,1400159,Bonfim,RR,Roraima,,,,,,,,,,,0.0
2013,1400308,Mucajaí,RR,Roraima,,,,,,,,,,,0.0
2013,1400506,São João da Baliza,RR,Roraima,,,,,,,,,,,0.0
2010,1200138,Bujari,AC,Acre,,,,,,,,,,0.0,0.0
2011,1200708,Xapuri,AC,Acre,,,,,,,,,,0.0,0.0
2007,1400233,Caroebe,RR,Roraima,,,,,,,,,,,0.0
2009,1400472,Rorainópolis,RR,Roraima,,,,,,,,,,,0.0
2002,1303957,São Sebastião do Uatumã,AM,Amazonas,,,,,,,,,,0.0,0.0
2004,1400027,Amajari,RR,Roraima,,,,,,,,,,,0.0
2003,1400233,Caroebe,RR,Roraima,,,,,,,,,,,0.0
2003,1400605,São Luiz,RR,Roraima,,,,,,,,,,,0.0
2018,1200708,Xapuri,AC,Acre,,,,,,,,,,406913.03,0.0
2018,1304062,Tabatinga,AM,Amazonas,,,,,,,,,,1364896.08,0.0
2018,1400233,Caroebe,RR,Roraima,,,,,,,,,,,0.0
2017,1400472,Rorainópolis,RR,Roraima,,,,,,,,,,183763.54,0.0
2016,1200179,Capixaba,AC,Acre,,,,,,,,,,242473.96,0.0
2016,1200393,Porto Walter,AC,Acre,,,,,,,,,,223822.12,0.0
2012,1300300,Autazes,AM,Amazonas,,,,,,,,,,,0.0
2016,1300607,Benjamin Constant,AM,Amazonas,,,,,,,,,,0.0,0.0
2012,1304203,Tefé,AM,Amazonas,,,,,,,,,,0.0,0.0
2016,1400308,Mucajaí,RR,Roraima,,,,,,,,,,0.0,0.0
2009,1302900,Maués,AM,Amazonas,,,,,,,,,,,
2010,1400407,Normandia,RR,Roraima,,,,,,,,,,0.0,0.0
2005,1300680,Boa Vista do Ramos,AM,Amazonas,,,,,,,,,,0.0,0.0
2018,1200252,Epitaciolândia,AC,Acre,,,,,,,,,,368159.4,0.0
2021,1400506,São João da Baliza,RR,Roraima,,,,,,,,,,849218.25,0.0
2013,1200252,Epitaciolândia,AC,Acre,,,,,,,,,,381090.7,0.0
2012,1200807,Porto Acre,AC,Acre,,,,,,,,,,0.0,0.0
2015,1200435,Santa Rosa do Purus,AC,Acre,,,,,,,,,,,0.0
2014,1200435,Santa Rosa do Purus,AC,Acre,,,,,,,,,,1960.01,0.0
2016,1200450,Senador Guiomard,AC,Acre,,,,,,,,,,354385.02,0.0
2014,1400456,Pacaraima,RR,Roraima,,,,,,,,,,,0.0
2014,1400472,Rorainópolis,RR,Roraima,,,,,,,,,,,0.0
2008,1400027,Amajari,RR,Roraima,,,,,,,,,,,0.0
2009,1400407,Normandia,RR,Roraima,,,,,,,,,,,0.0
2010,1400605,São Luiz,RR,Roraima,,,,,,,,,,0.0,0.0
2005,1400456,Pacaraima,RR,Roraima,,,,,,,,,,,0.0
2005,1400472,Rorainópolis,RR,Roraima,,,,,,,,,,,0.0
2001,1400308,Mucajaí,RR,Roraima,,,,,,,,,,,
2022,1200328,Jordão,AC,Acre,,,,,,,,,,172931.59,0.0
2022,1400407,Normandia,RR,Roraima,,,,,,,,,,0.0,0.0
2020,1200013,Acrelândia,AC,Acre,,,,,,,,,,,0.0
2017,1200302,Feijó,AC,Acre,,,,,,,,,,140870.54,0.0
2019,1200336,Mâncio Lima,AC,Acre,,,,,,,,,,,0.0
2011,1200302,Feijó,AC,Acre,,,,,,,,,,0.0,0.0
2009,1301902,Itacoatiara,AM,Amazonas,,,,,,,,,,,0.0
2010,1400308,Mucajaí,RR,Roraima,,,,,,,,,,0.0,0.0
2008,1400605,São Luiz,RR,Roraima,,,,,,,,,,,0.0
2018,1200013,Acrelândia,AC,Acre,,,,,,,,,,310028.97,0.0
2018,1200203,Cruzeiro do Sul,AC,Acre,,,,,,,,,,1647028.9,0.0
2019,1200344,Manoel Urbano,AC,Acre,,,,,,,,,,,0.0
2017,1200427,Rodrigues Alves,AC,Acre,,,,,,,,,,88970.87,0.0
2017,1303205,Novo Airão,AM,Amazonas,,,,,,,,,,0.0,0.0
2019,1400233,Caroebe,RR,Roraima,,,,,,,,,,0.0,0.0
2017,1400308,Mucajaí,RR,Roraima,,,,,,,,,,0.0,0.0
2017,1400407,Normandia,RR,Roraima,,,,,,,,,,201500.52,0.0
2013,1200393,Porto Walter,AC,Acre,,,,,,,,,,47636.34,0.0
2014,1200609,Tarauacá,AC,Acre,,,,,,,,,,7840.05,0.0
2014,1400605,São Luiz,RR,Roraima,,,,,,,,,,,0.0
2007,1400209,Caracaraí,RR,Roraima,,,,,,,,,,,0.0
2008,1400233,Caroebe,RR,Roraima,,,,,,,,,,,0.0
2002,1300680,Boa Vista do Ramos,AM,Amazonas,,,,,,,,,,,
2004,1400233,Caroebe,RR,Roraima,,,,,,,,,,,0.0
2003,1400472,Rorainópolis,RR,Roraima,,,,,,,,,,,0.0
2017,1200807,Porto Acre,AC,Acre,,,,,,,,,,163113.26,0.0
2019,1303957,São Sebastião do Uatumã,AM,Amazonas,,,,,,,,,,0.0,0.0
2018,1400282,Iracema,RR,Roraima,,,,,,,,,,,0.0
2018,1400308,Mucajaí,RR,Roraima,,,,,,,,,,,0.0
2018,1400407,Normandia,RR,Roraima,,,,,,,,,,,0.0
2015,1200427,Rodrigues Alves,AC,Acre,,,,,,,,,,,0.0
2014,1200500,Sena Madureira,AC,Acre,,,,,,,,,,7840.05,0.0
2013,1400175,Cantá,RR,Roraima,,,,,,,,,,,0.0
2012,1400282,Iracema,RR,Roraima,,,,,,,,,,0.0,0.0
2012,1400472,Rorainópolis,RR,Roraima,,,,,,,,,,0.0,0.0
2010,1400472,Rorainópolis,RR,Roraima,,,,,,,,,,0.0,0.0
2006,1400050,Alto Alegre,RR,Roraima,,,,,,,,,,,0.0
2003,1400050,Alto Alegre,RR,Roraima,,,,,,,,,,,0.0
2022,1300904,Canutama,AM,Amazonas,,,,,,,,,,0.0,0.0
2022,1303205,Novo Airão,AM,Amazonas,,,,,,,,,,0.0,0.0
2022,1400506,São João da Baliza,RR,Roraima,,,,,,,,,,0.0,0.0
2018,1200351,Marechal Thaumaturgo,AC,Acre,,,,,,,,,,271275.35,0.0
2020,1304401,Urucurituba,AM,Amazonas,,,,,,,,,,0.0,0.0
2018,1400506,São João da Baliza,RR,Roraima,,,,,,,,,,,0.0
2015,1200344,Manoel Urbano,AC,Acre,,,,,,,,,,,0.0
2013,1302900,Maués,AM,Amazonas,,,,,,,,,,106305.55,0.0
2011,1400605,São Luiz,RR,Roraima,,,,,,,,,,0.0,0.0
2005,1400159,Bonfim,RR,Roraima,,,,,,,,,,,0.0
2006,1400407,Normandia,RR,Roraima,,,,,,,,,,,0.0
2002,1400506,São João da Baliza,RR,Roraima,,,,,,,,,,,0.0
2022,1301852,Iranduba,AM,Amazonas,,,,,,,,,,2990.0,0.0
2022,1304062,Tabatinga,AM,Amazonas,,,,,,,,,,0.0,0.0
2020,1200104,Brasiléia,AC,Acre,,,,,,,,,,,0.0
2017,1200203,Cruzeiro do Sul,AC,Acre,,,,,,,,,,630210.33,0.0
2021,1200393,Porto Walter,AC,Acre,,,,,,,,,,0.0,0.0
2020,1200450,Senador Guiomard,AC,Acre,,,,,,,,,,,0.0
2021,1303569,Rio Preto da Eva,AM,Amazonas,,,,,,,,,,,0.0
2015,1200252,Epitaciolândia,AC,Acre,,,,,,,,,,,0.0
2016,1200328,Jordão,AC,Acre,,,,,,,,,,186518.44,0.0
2013,1200450,Senador Guiomard,AC,Acre,,,,,,,,,,523999.71,0.0
2016,1200500,Sena Madureira,AC,Acre,,,,,,,,,,671466.35,0.0
2016,1301001,Carauari,AM,Amazonas,,,,,,,,,,0.0,0.0
2013,1400209,Caracaraí,RR,Roraima,,,,,,,,,,,0.0
2010,1301902,Itacoatiara,AM,Amazonas,,,,,,,,,,0.0,0.0
2007,1303403,Parintins,AM,Amazonas,,,,,,,,,,3600.0,0.0
2009,1400159,Bonfim,RR,Roraima,,,,,,,,,,,0.0
2006,1400209,Caracaraí,RR,Roraima,,,,,,,,,,,0.0
2006,1400506,São João da Baliza,RR,Roraima,,,,,,,,,,,0.0
2020,1200807,Porto Acre,AC,Acre,,,,,,,,,,,0.0
2017,1200500,Sena Madureira,AC,Acre,,,,,,,,,,244669.89,0.0
2021,1301902,Itacoatiara,AM,Amazonas,,,,,,,,,,521105.24,0.0
2017,1303403,Parintins,AM,Amazonas,,,,,,,,,,138823.62,0.0
2017,1400050,Alto Alegre,RR,Roraima,,,,,,,,,,20300.0,0.0
2020,1400407,Normandia,RR,Roraima,,,,,,,,,,,0.0
2015,1200203,Cruzeiro do Sul,AC,Acre,,,,,,,,,,,0.0
2015,1303007,Nhamundá,AM,Amazonas,,,,,,,,,,0.0,8000.0
2013,1304302,Urucará,AM,Amazonas,,,,,,,,,,0.0,0.0
2019,1200328,Jordão,AC,Acre,,,,,,,,,,,0.0
2018,1200427,Rodrigues Alves,AC,Acre,,,,,,,,,,232521.73,0.0
2012,1200054,Assis Brasil,AC,Acre,,,,,,,,,,0.0,0.0
2012,1200203,Cruzeiro do Sul,AC,Acre,,,,,,,,,,0.0,0.0
2016,1200807,Porto Acre,AC,Acre,,,,,,,,,,466296.09,0.0
2016,1400472,Rorainópolis,RR,Roraima,,,,,,,,,,0.0,0.0
2002,1301902,Itacoatiara,AM,Amazonas,,,,,,,,,,0.0,0.0
2004,1303957,São Sebastião do Uatumã,AM,Amazonas,,,,,,,,,,0.0,0.0
2022,1200807,Porto Acre,AC,Acre,,,,,,,,,,209527.26,0.0
2022,1200708,Xapuri,AC,Acre,,,,,,,,,,641955.4,0.0
2022,1300508,Barreirinha,AM,Amazonas,,,,,,,,,,0.0,0.0
2020,1200427,Rodrigues Alves,AC,Acre,,,,,,,,,,,0.0
2021,1400605,São Luiz,RR,Roraima,,,,,,,,,,473857.53,0.0
2013,1200336,Mâncio Lima,AC,Acre,,,,,,,,,,142909.01,0.0
2012,1200344,Manoel Urbano,AC,Acre,,,,,,,,,,0.0,0.0
2015,1200807,Porto Acre,AC,Acre,,,,,,,,,,,0.0
2016,1200427,Rodrigues Alves,AC,Acre,,,,,,,,,,223822.12,0.0
2012,1200708,Xapuri,AC,Acre,,,,,,,,,,0.0,0.0
2014,1300904,Canutama,AM,Amazonas,,,,,,,,,,10000.0,0.0
2014,1400050,Alto Alegre,RR,Roraima,,,,,,,,,,,0.0
2012,1400159,Bonfim,RR,Roraima,,,,,,,,,,0.0,0.0
2011,1200336,Mâncio Lima,AC,Acre,,,,,,,,,,0.0,0.0
2008,1303403,Parintins,AM,Amazonas,,,,,,,,,,62970.78,43416.75
2008,1400456,Pacaraima,RR,Roraima,,,,,,,,,,,0.0
2006,1400027,Amajari,RR,Roraima,,,,,,,,,,,0.0
2005,1400027,Amajari,RR,Roraima,,,,,,,,,,,0.0
2000,1301902,Itacoatiara,AM,Amazonas,,,,,,,,,,0.0,
2022,1200104,Brasiléia,AC,Acre,,,,,,,,,,875409.75,0.0
2022,1302553,Manaquiri,AM,Amazonas,,,,,,,,,,0.0,0.0
2022,1400456,Pacaraima,RR,Roraima,,,,,,,,,,0.0,0.0
2019,1200302,Feijó,AC,Acre,,,,,,,,,,,0.0
2020,1300508,Barreirinha,AM,Amazonas,,,,,,,,,,0.0,0.0
2019,1300607,Benjamin Constant,AM,Amazonas,,,,,,,,,,0.0,0.0
2020,1400050,Alto Alegre,RR,Roraima,,,,,,,,,,,0.0
2018,1400175,Cantá,RR,Roraima,,,,,,,,,,,0.0
2021,1400233,Caroebe,RR,Roraima,,,,,,,,,,219765.49,0.0
2015,1200351,Marechal Thaumaturgo,AC,Acre,,,,,,,,,,,0.0
2015,1304062,Tabatinga,AM,Amazonas,,,,,,,,,,,0.0
2015,1400308,Mucajaí,RR,Roraima,,,,,,,,,,,0.0
2007,1400159,Bonfim,RR,Roraima,,,,,,,,,,,0.0
2020,1200203,Cruzeiro do Sul,AC,Acre,,,,,,,,,,,0.0
2021,1200302,Feijó,AC,Acre,,,,,,,,,,0.0,0.0
2017,1200385,Plácido de Castro,AC,Acre,,,,,,,,,,133456.3,0.0
2018,1200500,Sena Madureira,AC,Acre,,,,,,,,,,639434.75,0.0
2013,1200138,Bujari,AC,Acre,,,,,,,,,,624532.53,0.0
2014,1200393,Porto Walter,AC,Acre,,,,,,,,,,1960.01,0.0
2015,1400175,Cantá,RR,Roraima,,,,,,,,,,,0.0
2009,1400175,Cantá,RR,Roraima,,,,,,,,,,,0.0
2011,1400456,Pacaraima,RR,Roraima,,,,,,,,,,0.0,0.0
2008,1400704,Uiramutã,RR,Roraima,,,,,,,,,,,0.0
2003,1400282,Iracema,RR,Roraima,,,,,,,,,,,0.0
2018,1200054,Assis Brasil,AC,Acre,,,,,,,,,,213144.91,0.0
2021,1200500,Sena Madureira,AC,Acre,,,,,,,,,,0.0,0.0
2019,1400175,Cantá,RR,Roraima,,,,,,,,,,0.0,0.0
2017,1400175,Cantá,RR,Roraima,,,,,,,,,,0.0,0.0
2012,1200013,Acrelândia,AC,Acre,,,,,,,,,,0.0,0.0
2015,1200708,Xapuri,AC,Acre,,,,,,,,,,,0.0
2002,1400050,Alto Alegre,RR,Roraima,,,,,,,,,,,0.0
2022,1200385,Plácido de Castro,AC,Acre,,,,,,,,,,483686.31,0.0
2017,1200344,Manoel Urbano,AC,Acre,,,,,,,,,,118627.83,0.0
2021,1300904,Canutama,AM,Amazonas,,,,,,,,,,0.0,0.0
2021,1304260,Uarini,AM,Amazonas,,,,,,,,,,73500.0,3000.0
2019,1400605,São Luiz,RR,Roraima,,,,,,,,,,0.0,0.0
2016,1200435,Santa Rosa do Purus,AC,Acre,,,,,,,,,,223822.12,0.0
2015,1400233,Caroebe,RR,Roraima,,,,,,,,,,,0.0
2013,1400282,Iracema,RR,Roraima,,,,,,,,,,,0.0
2007,1300680,Boa Vista do Ramos,AM,Amazonas,,,,,,,,,,0.0,0.0
2007,1400407,Normandia,RR,Roraima,,,,,,,,,,,0.0
2003,1301902,Itacoatiara,AM,Amazonas,,,,,,,,,,0.0,0.0
2004,1303403,Parintins,AM,Amazonas,,,,,,,,,,0.0,0.0
2019,1200179,Capixaba,AC,Acre,,,,,,,,,,,0.0
2019,1200252,Epitaciolândia,AC,Acre,,,,,,,,,,,0.0
2020,1400456,Pacaraima,RR,Roraima,,,,,,,,,,,0.0
2016,1200252,Epitaciolândia,AC,Acre,,,,,,,,,,373036.87,0.0
2016,1304302,Urucará,AM,Amazonas,,,,,,,,,,,0.0
2013,1400050,Alto Alegre,RR,Roraima,,,,,,,,,,,0.0
2013,1400027,Amajari,RR,Roraima,,,,,,,,,,,0.0
2012,1400308,Mucajaí,RR,Roraima,,,,,,,,,,0.0,0.0
2010,1200708,Xapuri,AC,Acre,,,,,,,,,,0.0,0.0
2011,1301100,Careiro,AM,Amazonas,,,,,,,,,,0.0,0.0
2002,1400159,Bonfim,RR,Roraima,,,,,,,,,,,0.0
2005,1400233,Caroebe,RR,Roraima,,,,,,,,,,,0.0
2005,1400605,São Luiz,RR,Roraima,,,,,,,,,,,0.0
2001,1400159,Bonfim,RR,Roraima,,,,,,,,,,,
2019,1400282,Iracema,RR,Roraima,,,,,,,,,,0.0,0.0
2013,1200013,Acrelândia,AC,Acre,,,,,,,,,,381090.7,0.0
2013,1200807,Porto Acre,AC,Acre,,,,,,,,,,666908.73,0.0
2015,1200500,Sena Madureira,AC,Acre,,,,,,,,,,,0.0
2013,1200500,Sena Madureira,AC,Acre,,,,,,,,,,714545.07,0.0
2016,1303957,São Sebastião do Uatumã,AM,Amazonas,,,,,,,,,,0.0,0.0
2016,1304062,Tabatinga,AM,Amazonas,,,,,,,,,,0.0,0.0
2014,1304302,Urucará,AM,Amazonas,,,,,,,,,,,0.0
2006,1303403,Parintins,AM,Amazonas,,,,,,,,,,0.0,0.0
2004,1400282,Iracema,RR,Roraima,,,,,,,,,,,0.0
2022,1200435,Santa Rosa do Purus,AC,Acre,,,,,,,,,,147660.54,0.0
2021,1400175,Cantá,RR,Roraima,,,,,,,,,,437318.18,0.0
2012,1200252,Epitaciolândia,AC,Acre,,,,,,,,,,0.0,0.0
2012,1400605,São Luiz,RR,Roraima,,,,,,,,,,0.0,0.0
2008,1200138,Bujari,AC,Acre,,,,,,,,,,0.0,0.0
2011,1200500,Sena Madureira,AC,Acre,,,,,,,,,,0.0,0.0
2011,1304302,Urucará,AM,Amazonas,,,,,,,,,,22164.0,0.0
2001,1400050,Alto Alegre,RR,Roraima,,,,,,,,,,,
2022,1200013,Acrelândia,AC,Acre,,,,,,,,,,287180.13,0.0
2022,1200450,Senador Guiomard,AC,Acre,,,,,,,,,,375254.3,0.0
2022,1301902,Itacoatiara,AM,Amazonas,,,,,,,,,,1182986.81,0.0
2014,1200252,Epitaciolândia,AC,Acre,,,,,,,,,,11760.08,0.0
2015,1303403,Parintins,AM,Amazonas,,,,,,,,,,50045.0,0.0
2015,1400506,São João da Baliza,RR,Roraima,,,,,,,,,,,0.0
2008,1400050,Alto Alegre,RR,Roraima,,,,,,,,,,,0.0
2007,1400456,Pacaraima,RR,Roraima,,,,,,,,,,,0.0
2006,1400175,Cantá,RR,Roraima,,,,,,,,,,,0.0
2005,1400407,Normandia,RR,Roraima,,,,,,,,,,,0.0
2004,1400605,São Luiz,RR,Roraima,,,,,,,,,,,0.0
2022,1200203,Cruzeiro do Sul,AC,Acre,,,,,,,,,,2216868.95,0.0
2017,1200336,Mâncio Lima,AC,Acre,,,,,,,,,,111213.59,0.0
2018,1303205,Novo Airão,AM,Amazonas,,,,,,,,,,0.0,0.0
2020,1400233,Caroebe,RR,Roraima,,,,,,,,,,,0.0
2021,1400456,Pacaraima,RR,Roraima,,,,,,,,,,0.0,0.0
2014,1200450,Senador Guiomard,AC,Acre,,,,,,,,,,21560.15,0.0
2014,1303403,Parintins,AM,Amazonas,,,,,,,,,,750000.0,6500.0
2014,1303957,São Sebastião do Uatumã,AM,Amazonas,,,,,,,,,,0.0,0.0
2012,1400506,São João da Baliza,RR,Roraima,,,,,,,,,,0.0,0.0
2011,1200179,Capixaba,AC,Acre,,,,,,,,,,0.0,0.0
2008,1304302,Urucará,AM,Amazonas,,,,,,,,,,0.0,0.0
2002,1303403,Parintins,AM,Amazonas,,,,,,,,,,0.0,0.0
2019,1200104,Brasiléia,AC,Acre,,,,,,,,,,,0.0
2017,1200179,Capixaba,AC,Acre,,,,,,,,,,96385.11,0.0
2018,1200344,Manoel Urbano,AC,Acre,,,,,,,,,,310028.97,0.0
2019,1200385,Plácido de Castro,AC,Acre,,,,,,,,,,,0.0
2017,1200393,Porto Walter,AC,Acre,,,,,,,,,,88970.87,0.0
2020,1300607,Benjamin Constant,AM,Amazonas,,,,,,,,,,535567.6,0.0
2019,1300904,Canutama,AM,Amazonas,,,,,,,,,,0.0,0.0
2020,1303205,Novo Airão,AM,Amazonas,,,,,,,,,,0.0,0.0
2020,1303957,São Sebastião do Uatumã,AM,Amazonas,,,,,,,,,,0.0,0.0
2021,1400027,Amajari,RR,Roraima,,,,,,,,,,211489.98,0.0
2017,1400233,Caroebe,RR,Roraima,,,,,,,,,,0.0,0.0
2017,1400506,São João da Baliza,RR,Roraima,,,,,,,,,,0.0,0.0
2014,1200427,Rodrigues Alves,AC,Acre,,,0,0,0,0.0,0.0,0.0,0.0,1960.01,0.0
2013,1200708,Xapuri,AC,Acre,,,,,,,,,,238181.69,0.0
2013,1302702,Manicoré,AM,Amazonas,,,,,,,,,,239452.97,0.0
2012,1400456,Pacaraima,RR,Roraima,,,,,,,,,,0.0,0.0
2011,1200203,Cruzeiro do Sul,AC,Acre,,,,,,,,,,0.0,0.0
2011,1300144,Apuí,AM,Amazonas,,,,,,,,,,0.0,0.0
2009,1400027,Amajari,RR,Roraima,,,,,,,,,,,0.0
2011,1400233,Caroebe,RR,Roraima,,,,,,,,,,0.0,0.0
2011,1400472,Rorainópolis,RR,Roraima,,,,,,,,,,0.0,0.0
2006,1400472,Rorainópolis,RR,Roraima,,,,,,,,,,,0.0
2001,1400506,São João da Baliza,RR,Roraima,,,,,,,,,,,
2017,1200013,Acrelândia,AC,Acre,,,,,,,,,,118627.83,0.0
2021,1304062,Tabatinga,AM,Amazonas,,,,,,,,,,0.0,0.0
2019,1304062,Tabatinga,AM,Amazonas,,,,,,,,,,0.0,0.0
2019,1304302,Urucará,AM,Amazonas,,,,,,,,,,0.0,0.0
2021,1400407,Normandia,RR,Roraima,,,,,,,,,,381647.27,0.0
2016,1400456,Pacaraima,RR,Roraima,,,,,,,,,,0.0,0.0
2015,1400456,Pacaraima,RR,Roraima,,,,,,,,,,,0.0
2011,1200450,Senador Guiomard,AC,Acre,,,,,,,,,,0.0,0.0
2003,1302900,Maués,AM,Amazonas,,,,,,,,,,,
2005,1400282,Iracema,RR,Roraima,,,,,,,,,,,0.0
2013,1200203,Cruzeiro do Sul,AC,Acre,,,,,,,,,,571636.05,0.0
2012,1200351,Marechal Thaumaturgo,AC,Acre,,,,,,,,,,0.0,0.0
2012,1301902,Itacoatiara,AM,Amazonas,,,,,,,,,,0.0,0.0
2008,1301902,Itacoatiara,AM,Amazonas,,,,,,,,,,,0.0
2011,1400407,Normandia,RR,Roraima,,,,,,,,,,0.0,0.0
2022,1200427,Rodrigues Alves,AC,Acre,,,,,,,,,,293205.97,0.0
2019,1200013,Acrelândia,AC,Acre,,,,,,,,,,,0.0
2020,1200054,Assis Brasil,AC,Acre,,,,,,,,,,,0.0
2017,1200708,Xapuri,AC,Acre,,,,,,,,,,155699.02,0.0
2014,1302702,Manicoré,AM,Amazonas,,,,,,,,,,53857.0,0.0
2012,1303957,São Sebastião do Uatumã,AM,Amazonas,,,,,,,,,,0.0,0.0
2016,1400175,Cantá,RR,Roraima,,,,,,,,,,0.0,0.0
2016,1400605,São Luiz,RR,Roraima,,,,,,,,,,0.0,0.0
2011,1200013,Acrelândia,AC,Acre,,,,,,,,,,0.0,0.0
2009,1400050,Alto Alegre,RR,Roraima,,,,,,,,,,,0.0
2011,1400282,Iracema,RR,Roraima,,,,,,,,,,0.0,0.0
2009,1400282,Iracema,RR,Roraima,,,,,,,,,,,0.0
2008,1400308,Mucajaí,RR,Roraima,,,,,,,,,,,0.0
2007,1400472,Rorainópolis,RR,Roraima,,,,,,,,,,,0.0
2018,1200393,Porto Walter,AC,Acre,,,,,,,,,,232521.73,0.0
2018,1200450,Senador Guiomard,AC,Acre,,,,,,,,,,465043.45,0.0
2017,1303957,São Sebastião do Uatumã,AM,Amazonas,,,,,,,,,,0.0,0.0
2021,1304302,Urucará,AM,Amazonas,,,,,,,,,,251597.41,0.0
2014,1200302,Feijó,AC,Acre,,,,,,,,,,3920.03,0.0
2015,1200328,Jordão,AC,Acre,,,,,,,,,,,0.0
2016,1200344,Manoel Urbano,AC,Acre,,,,,,,,,,298429.5,0.0
2012,1200427,Rodrigues Alves,AC,Acre,,,0,0,0,0.0,0.0,0.0,0.0,0.0,0.0
2016,1303007,Nhamundá,AM,Amazonas,,,,,,,,,,0.0,8000.0
2008,1400407,Normandia,RR,Roraima,,,,,,,,,,,0.0
2006,1400233,Caroebe,RR,Roraima,,,,,,,,,,,0.0
2003,1400407,Normandia,RR,Roraima,,,,,,,,,,,0.0
2003,1400456,Pacaraima,RR,Roraima,,,,,,,,,,,0.0
2001,1400407,Normandia,RR,Roraima,,,,,,,,,,,
2019,1200708,Xapuri,AC,Acre,,,,,,,,,,,0.0
2021,1303205,Novo Airão,AM,Amazonas,,,,,,,,,,0.0,0.0
2020,1304062,Tabatinga,AM,Amazonas,,,,,,,,,,631226.59,0.0
2021,1400050,Alto Alegre,RR,Roraima,,,,,,,,,,885259.55,0.0
2016,1200054,Assis Brasil,AC,Acre,,,,,,,,,,205170.28,0.0
2012,1200138,Bujari,AC,Acre,,,,,,,,,,0.0,0.0
2014,1200344,Manoel Urbano,AC,Acre,,,,,,,,,,5880.04,0.0
2012,1200609,Tarauacá,AC,Acre,,,,,,,,,,0.0,0.0
2012,1304104,Tapauá,AM,Amazonas,,,,,,,,,,0.0,0.0
2014,1400308,Mucajaí,RR,Roraima,,,,,,,,,,,0.0
2010,1302900,Maués,AM,Amazonas,,,,,,,,,,31065.39,0.0
2011,1400027,Amajari,RR,Roraima,,,,,,,,,,0.0,0.0
2011,1400209,Caracaraí,RR,Roraima,,,,,,,,,,0.0,0.0
2006,1400159,Bonfim,RR,Roraima,,,,,,,,,,,0.0
2022,1200500,Sena Madureira,AC,Acre,,,,,,,,,,893542.34,0.0
2020,1200351,Marechal Thaumaturgo,AC,Acre,,,,,,,,,,,0.0
2020,1200393,Porto Walter,AC,Acre,,,,,,,,,,,0.0
2021,1200450,Senador Guiomard,AC,Acre,,,,,,,,,,0.0,0.0
2017,1304062,Tabatinga,AM,Amazonas,,,,,,,,,,0.0,0.0
2018,1400605,São Luiz,RR,Roraima,,,,,,,,,,,0.0
2014,1200328,Jordão,AC,Acre,,,,,,,,,,1960.01,0.0
2016,1200351,Marechal Thaumaturgo,AC,Acre,,,,,,,,,,261125.81,0.0
2016,1302900,Maués,AM,Amazonas,,,,,,,,,,,0.0
2011,1302900,Maués,AM,Amazonas,,,,,,,,,,34210.0,0.0
2006,1400308,Mucajaí,RR,Roraima,,,,,,,,,,,0.0
2022,1304104,Tapauá,AM,Amazonas,,,,,,,,,,0.0,0.0
2022,1400472,Rorainópolis,RR,Roraima,,,,,,,,,,0.0,0.0
2019,1200427,Rodrigues Alves,AC,Acre,,,,,,,,,,,0.0
2019,1302553,Manaquiri,AM,Amazonas,,,,,,,,,,0.0,0.0
2012,1200450,Senador Guiomard,AC,Acre,,,,,,,,,,0.0,0.0
2015,1400282,Iracema,RR,Roraima,,,,,,,,,,,0.0
2015,1400605,São Luiz,RR,Roraima,,,,,,,,,,,0.0
2009,1303403,Parintins,AM,Amazonas,,,,,,,,,,0.0,43842.0
2007,1400506,São João da Baliza,RR,Roraima,,,,,,,,,,,0.0
2020,1302553,Manaquiri,AM,Amazonas,,,,,,,,,,376160.03,0.0
2017,1304302,Urucará,AM,Amazonas,,,,,,,,,,0.0,0.0
2016,1200302,Feijó,AC,Acre,,,,,,,,,,354385.01,0.0
2015,1200302,Feijó,AC,Acre,,,,,,,,,,,0.0
2012,1400175,Cantá,RR,Roraima,,,,,,,,,,0.0,0.0
2011,1200807,Porto Acre,AC,Acre,,,,,,,,,,0.0,0.0
2011,1301001,Carauari,AM,Amazonas,,,,,,,,,,0.0,0.0
2011,1303601,Santa Isabel do Rio Negro,AM,Amazonas,,,,,,,,,,0.0,0.0
2007,1400027,Amajari,RR,Roraima,,,,,,,,,,,0.0
2008,1400506,São João da Baliza,RR,Roraima,,,,,,,,,,,0.0
2009,1400704,Uiramutã,RR,Roraima,,,,,,,,,,,0.0
2005,1303403,Parintins,AM,Amazonas,,,,,,,,,,0.0,0.0
2006,1303957,São Sebastião do Uatumã,AM,Amazonas,,,,,,,,,,0.0,0.0
2022,1300300,Autazes,AM,Amazonas,,,,,,,,,,0.0,0.0
2022,1301605,Fonte Boa,AM,Amazonas,,,,,,,,,,0.0,30000.0
2019,1200351,Marechal Thaumaturgo,AC,Acre,,,,,,,,,,,0.0
2020,1301902,Itacoatiara,AM,Amazonas,,,,,,,,,,0.0,686588.6
2020,1400027,Amajari,RR,Roraima,,,,,,,,,,,0.0
2015,1301001,Carauari,AM,Amazonas,,,,,,,,,,,0.0
2012,1303403,Parintins,AM,Amazonas,,,,,,,,,,,5828.57
2010,1400506,São João da Baliza,RR,Roraima,,,,,,,,,,0.0,0.0
2004,1400159,Bonfim,RR,Roraima,,,,,,,,,,,0.0
2004,1400308,Mucajaí,RR,Roraima,,,,,,,,,,,0.0
2004,1400506,São João da Baliza,RR,Roraima,,,,,,,,,,,0.0
1998,1303403,Parintins,AM,Amazonas,,,,,,,,,,0.0,
2022,1200138,Bujari,AC,Acre,,,,,,,,,,329228.8,0.0
2022,1303403,Parintins,AM,Amazonas,,,,,,,,,,65000.0,0.0
2020,1200179,Capixaba,AC,Acre,,,,,,,,,,,0.0
2021,1302553,Manaquiri,AM,Amazonas,,,,,,,,,,0.0,0.0
2021,1400282,Iracema,RR,Roraima,,,,,,,,,,177719.1,0.0
2013,1200302,Feijó,AC,Acre,,,,,,,,,,142909.01,0.0
2015,1200393,Porto Walter,AC,Acre,,,,,,,,,,,0.0
2013,1200435,Santa Rosa do Purus,AC,Acre,,,,,,,,,,47636.34,0.0
2014,1400506,São João da Baliza,RR,Roraima,,,,,,,,,,,0.0
2011,1200054,Assis Brasil,AC,Acre,,,,,,,,,,0.0,0.0
2010,1304302,Urucará,AM,Amazonas,,,,,,,,,,0.0,0.0
2010,1400027,Amajari,RR,Roraima,,,,,,,,,,0.0,0.0
2009,1400506,São João da Baliza,RR,Roraima,,,,,,,,,,,0.0
2004,1400407,Normandia,RR,Roraima,,,,,,,,,,,0.0
2022,1200252,Epitaciolândia,AC,Acre,,,,,,,,,,684433.69,0.0
2022,1400605,São Luiz,RR,Roraima,,,,,,,,,,0.0,0.0
2018,1200138,Bujari,AC,Acre,,,,,,,,,,310028.97,0.0
2020,1200344,Manoel Urbano,AC,Acre,,,,,,,,,,,0.0
2021,1200427,Rodrigues Alves,AC,Acre,,,,,,,,,,0.0,0.0
2020,1200435,Santa Rosa do Purus,AC,Acre,,,,,,,,,,,0.0
2020,1300300,Autazes,AM,Amazonas,,,,,,,,,,642433.71,0.0
2021,1301209,Coari,AM,Amazonas,,,,,,,,,,300000.0,0.0
2020,1400506,São João da Baliza,RR,Roraima,,,,,,,,,,,0.0
2012,1200179,Capixaba,AC,Acre,,,,,,,,,,0.0,0.0
2014,1200708,Xapuri,AC,Acre,,,,,,,,,,7840.05,0.0
2013,1301001,Carauari,AM,Amazonas,,,,,,,,,,0.0,0.0
2016,1400233,Caroebe,RR,Roraima,,,,,,,,,,0.0,0.0
2008,1400159,Bonfim,RR,Roraima,,,,,,,,,,,0.0
2006,1400456,Pacaraima,RR,Roraima,,,,,,,,,,,0.0
2001,1301902,Itacoatiara,AM,Amazonas,,,,,,,,,,0.0,
2022,1200609,Tarauacá,AC,Acre,,,,,,,,,,606031.73,0.0
2021,1200013,Acrelândia,AC,Acre,,,,,,,,,,0.0,0.0
2019,1200138,Bujari,AC,Acre,,,,,,,,,,,0.0
2021,1200344,Manoel Urbano,AC,Acre,,,,,,,,,,0.0,0.0
2019,1200393,Porto Walter,AC,Acre,,,,,,,,,,,0.0
2017,1200435,Santa Rosa do Purus,AC,Acre,,,,,,,,,,81556.63,0.0
2017,1400027,Amajari,RR,Roraima,,,,,,,,,,0.0,0.0
2017,1400282,Iracema,RR,Roraima,,,,,,,,,,0.0,0.0
2016,1302702,Manicoré,AM,Amazonas,,,,,,,,,,41857.0,0.0
2013,1400407,Normandia,RR,Roraima,,,,,,,,,,,0.0
2009,1200138,Bujari,AC,Acre,,,,,,,,,,0.0,0.0
2009,1200179,Capixaba,AC,Acre,,,,,,,,,,0.0,0.0
2008,1200179,Capixaba,AC,Acre,,,,,,,,,,0.0,0.0
2005,1400175,Cantá,RR,Roraima,,,,,,,,,,,0.0
2003,1400506,São João da Baliza,RR,Roraima,,,,,,,,,,,0.0
1998,1400159,Bonfim,RR,Roraima,0,,,0,0,0.0,0.0,0.0,0.0,,
1998,1400308,Mucajaí,RR,Roraima,0,,,0,0,0.0,0.0,0.0,0.0,,
1998,1302603,Manaus,AM,Amazonas,51915,,9412,11819,9271,3648.7,,3951.3,5781088.0,,
1997,1400100,Boa Vista,RR,Roraima,23938,,6777,7699,6283,2860.5,2860.5,2860.5,2357657.73,,
2000,1400100,Boa Vista,RR,Roraima,31147,,8192,9124,7748,3084.8,3084.8,3084.8,2811313.0,,
1999,1400100,Boa Vista,RR,Roraima,26751,,8151,9130,7687,3248.17,3248.17,3248.17,3029988.5,,
1996,1302603,Manaus,AM,Amazonas,60418,,9415,9912,9134,4015.0,,4380.0,5314951.04,,
2014,1304005,Silves,AM,Amazonas,4000,4000,1400,1500,1000,600.0,0.0,0.0,216000.0,0.0,0.0
1997,1302603,Manaus,AM,Amazonas,53460,,10291,13389,10215,4015.0,,4015.0,5959260.0,,
1997,1200401,Rio Branco,AC,Acre,45656,,9380,11412,10513,,,,0.0,,
1998,1400407,Normandia,RR,Roraima,0,,,0,0,0.0,0.0,0.0,0.0,,
1998,1400506,São João da Baliza,RR,Roraima,0,,,0,0,0.0,0.0,0.0,0.0,,
1996,1400100,Boa Vista,RR,Roraima,11412,,3044,3755,2770,1426.78,1426.78,1534.09,1136389.44,,
1998,1400209,Caracaraí,RR,Roraima,0,,,0,0,0.0,0.0,0.0,0.0,,
1998,1400050,Alto Alegre,RR,Roraima,0,,,0,0,0.0,0.0,0.0,0.0,,
1999,1302603,Manaus,AM,Amazonas,52090,,9161,11548,8425,3338.0,,3576.8,4951084.0,,
1998,1400100,Boa Vista,RR,Roraima,27973,,8124,9129,7662,3242.63,3242.63,3242.63,2747033.93,,
1998,1400605,São Luiz,RR,Roraima,0,,,0,0,0.0,0.0,0.0,0.0,,
1997,1301852,Iranduba,AM,Amazonas,,,,,,,,,,,
1999,1302504,Manacapuru,AM,Amazonas,,,,,,,,,,,
1997,1400605,São Luiz,RR,Roraima,,,,,,,,,,,
2005,1302009,Itapiranga,AM,Amazonas,,,,,,,,,,,0.0
2000,1200203,Cruzeiro do Sul,AC,Acre,,,,,,,,,,,
1998,1200203,Cruzeiro do Sul,AC,Acre,,,,,,,,,,,
1999,1300086,Anamã,AM,Amazonas,,,,,,,,,,,
2000,1301407,Eirunepé,AM,Amazonas,,,,,,,,,,,
1998,1301506,Envira,AM,Amazonas,,,,,,,,,,,
2000,1303502,Pauini,AM,Amazonas,,,,,,,,,,,
2000,1304104,Tapauá,AM,Amazonas,,,,,,,,,,,
2000,1400159,Bonfim,RR,Roraima,,,,,,,,,,,
2000,1400209,Caracaraí,RR,Roraima,,,,,,,,,,,
2000,1400605,São Luiz,RR,Roraima,,,,,,,,,,,
1998,1200401,Rio Branco,AC,Acre,,,,,,,,,,,
1999,1302553,Manaquiri,AM,Amazonas,,,,,,,,,,,
1998,1303601,Santa Isabel do Rio Negro,AM,Amazonas,,,,,,,,,,,
1997,1304203,Tefé,AM,Amazonas,,,,,,,,,,,
1997,1400209,Caracaraí,RR,Roraima,,,,,,,,,,,
2001,1400282,Iracema,RR,Roraima,,,,,,,,,,,
1998,1200013,Acrelândia,AC,Acre,,,,,,,,,,,
1998,1200609,Tarauacá,AC,Acre,,,,,,,,,,,
1998,1300805,Borba,AM,Amazonas,,,,,,,,,,,
1998,1300904,Canutama,AM,Amazonas,,,,,,,,,,,
1999,1302405,Lábrea,AM,Amazonas,,,,,,,,,,,
1999,1400407,Normandia,RR,Roraima,,,,,,,,,,,
1999,1400456,Pacaraima,RR,Roraima,,,,,,,,,,,
2002,1200435,Santa Rosa do Purus,AC,Acre,,,,,,,,,,,0.0
2001,1301506,Envira,AM,Amazonas,,,,,,,,,,,
1999,1301951,Itamarati,AM,Amazonas,,,,,,,,,,,
1998,1304062,Tabatinga,AM,Amazonas,,,,,,,,,,,
2005,1303809,São Gabriel da Cachoeira,AM,Amazonas,,,,,,,,,,,
1999,1200138,Bujari,AC,Acre,,,,,,,,,,,
1998,1300201,Atalaia do Norte,AM,Amazonas,,,,,,,,,,,
2001,1303908,São Paulo de Olivença,AM,Amazonas,,,,,,,,,,,
1996,1300300,Autazes,AM,Amazonas,,,,,,,,,,,
2000,1302702,Manicoré,AM,Amazonas,,,,,,,,,,,
2000,1400282,Iracema,RR,Roraima,,,,,,,,,,,
2001,1300086,Anamã,AM,Amazonas,,,,,,,,,,,
1998,1300102,Anori,AM,Amazonas,,,,,,,,,,,
2001,1300839,Caapiranga,AM,Amazonas,,,,,,,,,,,
1999,1303106,Nova Olinda do Norte,AM,Amazonas,,,,,,,,,,,
1999,1304062,Tabatinga,AM,Amazonas,,,,,,,,,,,
1999,1300029,Alvarães,AM,Amazonas,,,,,,,,,,,
1998,1300631,Beruri,AM,Amazonas,,,,,,,,,,,
1999,1301209,Coari,AM,Amazonas,,,,,,,,,,,
1996,1301852,Iranduba,AM,Amazonas,,,,,,,,,,,
1999,1302306,Jutaí,AM,Amazonas,,,,,,,,,,,
2000,1304401,Urucurituba,AM,Amazonas,,,,,,,,,,,
1997,1400407,Normandia,RR,Roraima,,,,,,,,,,,
2000,1200252,Epitaciolândia,AC,Acre,,,,,,,,,,,
1997,1300201,Atalaia do Norte,AM,Amazonas,,,,,,,,,,,
1998,1300839,Caapiranga,AM,Amazonas,,,,,,,,,,,
1998,1301100,Careiro,AM,Amazonas,,,,,,,,,,,
2001,1301159,Careiro da Várzea,AM,Amazonas,,,,,,,,,,,
1998,1302207,Juruá,AM,Amazonas,,,,,,,,,,,
1996,1304203,Tefé,AM,Amazonas,,,,,,,,,,,
2000,1400027,Amajari,RR,Roraima,,,,,,,,,,,
2006,1303106,Nova Olinda do Norte,AM,Amazonas,,,,,,,,,,0.0,0.0
2000,1200179,Capixaba,AC,Acre,,,,,,,,,,,
2000,1200302,Feijó,AC,Acre,,,,,,,,,,,
1999,1200500,Sena Madureira,AC,Acre,,,,,,,,,,,
1996,1301100,Careiro,AM,Amazonas,,,,,,,,,,,
1995,1302603,Manaus,AM,Amazonas,,,,,,,,,,,
1999,1302702,Manicoré,AM,Amazonas,,,,,,,,,,,
1998,1303106,Nova Olinda do Norte,AM,Amazonas,,,,,,,,,,,
1999,1301159,Careiro da Várzea,AM,Amazonas,,,,,,,,,,,
2001,1301704,Humaitá,AM,Amazonas,,,,,,,,,,,
2000,1304062,Tabatinga,AM,Amazonas,,,,,,,,,,,
1996,1400209,Caracaraí,RR,Roraima,,,,,,,,,,,
1998,1400282,Iracema,RR,Roraima,,,,,,,,,,,
1996,1400506,São João da Baliza,RR,Roraima,,,,,,,,,,,
1999,1400605,São Luiz,RR,Roraima,,,,,,,,,,,
2000,1400704,Uiramutã,RR,Roraima,,,,,,,,,,,
2000,1200450,Senador Guiomard,AC,Acre,,,,,,,,,,,
2001,1300102,Anori,AM,Amazonas,,,,,,,,,,,
2000,1301704,Humaitá,AM,Amazonas,,,,,,,,,,,
1999,1302207,Juruá,AM,Amazonas,,,,,,,,,,,
1998,1302801,Maraã,AM,Amazonas,,,,,,,,,,,
1998,1303205,Novo Airão,AM,Amazonas,,,,,,,,,,,
2002,1400233,Caroebe,RR,Roraima,,,,,,,,,,,
1999,1200179,Capixaba,AC,Acre,,,,,,,,,,,
2001,1302306,Jutaí,AM,Amazonas,,,,,,,,,,,
1999,1303304,Novo Aripuanã,AM,Amazonas,,,,,,,,,,,
1998,1304104,Tapauá,AM,Amazonas,,,,,,,,,,,
1997,1400308,Mucajaí,RR,Roraima,,,,,,,,,,,
2002,1400175,Cantá,RR,Roraima,,,,,,,,,,,
2002,1400282,Iracema,RR,Roraima,,,,,,,,,,,
2002,1400456,Pacaraima,RR,Roraima,,,,,,,,,,,
2002,1400704,Uiramutã,RR,Roraima,,,,,,,,,,,
1998,1200138,Bujari,AC,Acre,,,,,,,,,,,
1995,1200401,Rio Branco,AC,Acre,,,,,,,,,,,
1999,1300607,Benjamin Constant,AM,Amazonas,,,,,,,,,,,
1998,1301704,Humaitá,AM,Amazonas,,,,,,,,,,,
1999,1301803,Ipixuna,AM,Amazonas,,,,,,,,,,,
1999,1400027,Amajari,RR,Roraima,,,,,,,,,,,
2003,1200054,Assis Brasil,AC,Acre,,,,,,,,,,,
1997,1302504,Manacapuru,AM,Amazonas,,,,,,,,,,,
2000,1303007,Nhamundá,AM,Amazonas,,,,,,,,,,,
2000,1400233,Caroebe,RR,Roraima,,,,,,,,,,,
1998,1400456,Pacaraima,RR,Roraima,,,,,,,,,,,
1999,1200401,Rio Branco,AC,Acre,,,,,,,,,,,
2000,1400175,Cantá,RR,Roraima,,,,,,,,,,,
2002,1400472,Rorainópolis,RR,Roraima,,,,,,,,,,,
2000,1200500,Sena Madureira,AC,Acre,,,,,,,,,,,
2000,1300086,Anamã,AM,Amazonas,,,,,,,,,,,
2001,1301308,Codajás,AM,Amazonas,,,,,,,,,,,
2000,1303601,Santa Isabel do Rio Negro,AM,Amazonas,,,,,,,,,,,
1998,1200336,Mâncio Lima,AC,Acre,,,,,,,,,,,
1998,1300607,Benjamin Constant,AM,Amazonas,,,,,,,,,,,
1996,1400308,Mucajaí,RR,Roraima,,,,,,,,,,,
1998,1300300,Autazes,AM,Amazonas,,,,,,,,,,,
1999,1300631,Beruri,AM,Amazonas,,,,,,,,,,,
1998,1301407,Eirunepé,AM,Amazonas,,,,,,,,,,,
2001,1301803,Ipixuna,AM,Amazonas,,,,,,,,,,,
1999,1303502,Pauini,AM,Amazonas,,,,,,,,,,,
1999,1400282,Iracema,RR,Roraima,,,,,,,,,,,
2001,1400704,Uiramutã,RR,Roraima,,,,,,,,,,,
1998,1200179,Capixaba,AC,Acre,,,,,,,,,,,
1998,1302009,Itapiranga,AM,Amazonas,,,,,,,,,,,
1996,1302504,Manacapuru,AM,Amazonas,,,,,,,,,,,
1999,1400050,Alto Alegre,RR,Roraima,,,,,,,,,,,
1996,1400159,Bonfim,RR,Roraima,,,,,,,,,,,
1999,1400472,Rorainópolis,RR,Roraima,,,,,,,,,,,
2002,1400027,Amajari,RR,Roraima,,,,,,,,,,,
1999,1200203,Cruzeiro do Sul,AC,Acre,,,,,,,,,,,
2000,1300839,Caapiranga,AM,Amazonas,,,,,,,,,,,
2000,1301308,Codajás,AM,Amazonas,,,,,,,,,,,
2000,1302009,Itapiranga,AM,Amazonas,,,,,,,,,,,
2000,1302207,Juruá,AM,Amazonas,,,,,,,,,,,
1998,1302405,Lábrea,AM,Amazonas,,,,,,,,,,,
1999,1304104,Tapauá,AM,Amazonas,,,,,,,,,,,
2000,1400308,Mucajaí,RR,Roraima,,,,,,,,,,,
2009,1304302,Urucará,AM,Amazonas,,,,,,,,,,,
2000,1200104,Brasiléia,AC,Acre,,,,,,,,,,,
1998,1200708,Xapuri,AC,Acre,,,,,,,,,,,
2000,1300631,Beruri,AM,Amazonas,,,,,,,,,,,
1999,1300839,Caapiranga,AM,Amazonas,,,,,,,,,,,
1998,1302306,Jutaí,AM,Amazonas,,,,,,,,,,,
2001,1304401,Urucurituba,AM,Amazonas,,,,,,,,,,,
2001,1400472,Rorainópolis,RR,Roraima,,,,,,,,,,,
2000,1200344,Manoel Urbano,AC,Acre,,,,,,,,,,,
2000,1300607,Benjamin Constant,AM,Amazonas,,,,,,,,,,,
1999,1300904,Canutama,AM,Amazonas,,,,,,,,,,,
1998,1303502,Pauini,AM,Amazonas,,,,,,,,,,,
1999,1303569,Rio Preto da Eva,AM,Amazonas,,,,,,,,,,,
1999,1300060,Amaturá,AM,Amazonas,,,,,,,,,,0.0,
1999,1300201,Atalaia do Norte,AM,Amazonas,,,,,,,,,,,
2000,1300300,Autazes,AM,Amazonas,,,,,,,,,,,
1996,1300607,Benjamin Constant,AM,Amazonas,,,,,,,,,,,
1998,1301803,Ipixuna,AM,Amazonas,,,,,,,,,,,
1998,1302702,Manicoré,AM,Amazonas,,,,,,,,,,,
1999,1200104,Brasiléia,AC,Acre,,,,,,,,,,,
2000,1200609,Tarauacá,AC,Acre,,,,,,,,,,,
1999,1303205,Novo Airão,AM,Amazonas,,,,,,,,,,,
2001,1400175,Cantá,RR,Roraima,,,,,,,,,,,
1999,1200013,Acrelândia,AC,Acre,,,,,,,,,,,
1998,1200104,Brasiléia,AC,Acre,,,,,,,,,,,
2000,1200336,Mâncio Lima,AC,Acre,,,,,,,,,,,
1998,1200344,Manoel Urbano,AC,Acre,,,,,,,,,,,
2000,1300706,Boca do Acre,AM,Amazonas,,,,,,,,,,,
1998,1304401,Urucurituba,AM,Amazonas,,,,,,,,,,,
2001,1400027,Amajari,RR,Roraima,,,,,,,,,,,
1998,1400704,Uiramutã,RR,Roraima,,,,,,,,,,,
1999,1200252,Epitaciolândia,AC,Acre,,,,,,,,,,,
2000,1300102,Anori,AM,Amazonas,,,,,,,,,,,
2001,1300300,Autazes,AM,Amazonas,,,,,,,,,,,
1998,1300706,Boca do Acre,AM,Amazonas,,,,,,,,,,,
1999,1300805,Borba,AM,Amazonas,,,,,,,,,,,
2000,1302801,Maraã,AM,Amazonas,,,,,,,,,,,
1998,1303569,Rio Preto da Eva,AM,Amazonas,,,,,,,,,,,
2000,1303700,Santo Antônio do Içá,AM,Amazonas,,,,,,,,,,,
1999,1303700,Santo Antônio do Içá,AM,Amazonas,,,,,,,,,,,
1999,1304203,Tefé,AM,Amazonas,,,,,,,,,,,
2001,1304104,Tapauá,AM,Amazonas,,,,,,,,,,,
1998,1400472,Rorainópolis,RR,Roraima,,,,,,,,,,,
2002,1200351,Marechal Thaumaturgo,AC,Acre,,,,,,,,,,,0.0
1998,1200500,Sena Madureira,AC,Acre,,,,,,,,,,,
1998,1400175,Cantá,RR,Roraima,,,,,,,,,,,
2001,1400233,Caroebe,RR,Roraima,,,,,,,,,,,
2010,1200013,Acrelândia,AC,Acre,,,,,,,,,,0.0,0.0
1999,1301506,Envira,AM,Amazonas,,,,,,,,,,,
1998,1301852,Iranduba,AM,Amazonas,,,,,,,,,,,
1999,1302009,Itapiranga,AM,Amazonas,,,,,,,,,,,
2001,1302207,Juruá,AM,Amazonas,,,,,,,,,,,
1999,1303908,São Paulo de Olivença,AM,Amazonas,,,,,,,,,,,
2001,1300680,Boa Vista do Ramos,AM,Amazonas,,,,,,,,,,0.0,
2001,1303304,Novo Aripuanã,AM,Amazonas,,,,,,,,,,,
2003,1200328,Jordão,AC,Acre,,,,,,,,,,,
2001,1303700,Santo Antônio do Içá,AM,Amazonas,,,,,,,,,,,
1998,1301001,Carauari,AM,Amazonas,,,,,,,,,,,
1998,1302504,Manacapuru,AM,Amazonas,,,,,,,,,,,
2000,1400050,Alto Alegre,RR,Roraima,,,,,,,,,,,
1996,1300201,Atalaia do Norte,AM,Amazonas,,,,,,,,,,,
1999,1302801,Maraã,AM,Amazonas,,,,,,,,,,,
2000,1303569,Rio Preto da Eva,AM,Amazonas,,,,,,,,,,,
1996,1303809,São Gabriel da Cachoeira,AM,Amazonas,,,,,,,,,,,
1997,1400050,Alto Alegre,RR,Roraima,,,,,,,,,,,
1999,1400209,Caracaraí,RR,Roraima,,,,,,,,,,,
1999,1400308,Mucajaí,RR,Roraima,,,,,,,,,,,
1997,1300607,Benjamin Constant,AM,Amazonas,,,,,,,,,,,
1999,1301704,Humaitá,AM,Amazonas,,,,,,,,,,,
2001,1304062,Tabatinga,AM,Amazonas,,,,,,,,,,,
1999,1400159,Bonfim,RR,Roraima,,,,,,,,,,,
1998,1200807,Porto Acre,AC,Acre,,,,,,,,,,,
2000,1301209,Coari,AM,Amazonas,,,,,,,,,,,
1998,1301951,Itamarati,AM,Amazonas,,,,,,,,,,,
2001,1302553,Manaquiri,AM,Amazonas,,,,,,,,,,,
1997,1400159,Bonfim,RR,Roraima,,,,,,,,,,,
1999,1200450,Senador Guiomard,AC,Acre,,,,,,,,,,,
2000,1200708,Xapuri,AC,Acre,,,,,,,,,,,
1999,1300102,Anori,AM,Amazonas,,,,,,,,,,,
1999,1300680,Boa Vista do Ramos,AM,Amazonas,,,,,,,,,,0.0,
2000,1301001,Carauari,AM,Amazonas,,,,,,,,,,,
2001,1303106,Nova Olinda do Norte,AM,Amazonas,,,,,,,,,,,
2000,1304203,Tefé,AM,Amazonas,,,,,,,,,,,
1999,1400175,Cantá,RR,Roraima,,,,,,,,,,,
2000,1200385,Plácido de Castro,AC,Acre,,,,,,,,,,,
1999,1200807,Porto Acre,AC,Acre,,,,,,,,,,,
2000,1300201,Atalaia do Norte,AM,Amazonas,,,,,,,,,,,
2001,1300904,Canutama,AM,Amazonas,,,,,,,,,,,
1999,1301100,Careiro,AM,Amazonas,,,,,,,,,,,
1998,1301209,Coari,AM,Amazonas,,,,,,,,,,,
2001,1301951,Itamarati,AM,Amazonas,,,,,,,,,,,
1998,1303007,Nhamundá,AM,Amazonas,,,,,,,,,,,
1998,1303700,Santo Antônio do Içá,AM,Amazonas,,,,,,,,,,,
1999,1303809,São Gabriel da Cachoeira,AM,Amazonas,,,,,,,,,,,
1998,1304203,Tefé,AM,Amazonas,,,,,,,,,,,
1999,1400704,Uiramutã,RR,Roraima,,,,,,,,,,,
1997,1300300,Autazes,AM,Amazonas,,,,,,,,,,,
2000,1301506,Envira,AM,Amazonas,,,,,,,,,,,
1997,1303809,São Gabriel da Cachoeira,AM,Amazonas,,,,,,,,,,,
1998,1400027,Amajari,RR,Roraima,,,,,,,,,,,
2000,1400506,São João da Baliza,RR,Roraima,,,,,,,,,,,
1999,1200609,Tarauacá,AC,Acre,,,,,,,,,,,
2000,1300904,Canutama,AM,Amazonas,,,,,,,,,,,
1998,1303304,Novo Aripuanã,AM,Amazonas,,,,,,,,,,,
2000,1303908,São Paulo de Olivença,AM,Amazonas,,,,,,,,,,,
2001,1400456,Pacaraima,RR,Roraima,,,,,,,,,,,
1997,1400506,São João da Baliza,RR,Roraima,,,,,,,,,,,
1998,1300086,Anamã,AM,Amazonas,,,,,,,,,,,
2000,1301803,Ipixuna,AM,Amazonas,,,,,,,,,,,
2000,1301951,Itamarati,AM,Amazonas,,,,,,,,,,,
1996,1302009,Itapiranga,AM,Amazonas,,,,,,,,,,,
2000,1302405,Lábrea,AM,Amazonas,,,,,,,,,,,
2002,1200054,Assis Brasil,AC,Acre,,,,,,,,,,,0.0
1999,1200302,Feijó,AC,Acre,,,,,,,,,,,
1999,1300300,Autazes,AM,Amazonas,,,,,,,,,,,
2000,1303304,Novo Aripuanã,AM,Amazonas,,,,,,,,,,,
2001,1303601,Santa Isabel do Rio Negro,AM,Amazonas,,,,,,,,,,,
1998,1303908,São Paulo de Olivença,AM,Amazonas,,,,,,,,,,,
1999,1200385,Plácido de Castro,AC,Acre,,,,,,,,,,,
1999,1200708,Xapuri,AC,Acre,,,,,,,,,,,
2000,1300029,Alvarães,AM,Amazonas,,,,,,,,,,,
2001,1300631,Beruri,AM,Amazonas,,,,,,,,,,,
1999,1300706,Boca do Acre,AM,Amazonas,,,,,,,,,,,
1998,1301308,Codajás,AM,Amazonas,,,,,,,,,,,
2000,1302306,Jutaí,AM,Amazonas,,,,,,,,,,,
1998,1303809,São Gabriel da Cachoeira,AM,Amazonas,,,,,,,,,,,
1996,1400407,Normandia,RR,Roraima,,,,,,,,,,,
1998,1200302,Feijó,AC,Acre,,,,,,,,,,,
2001,1300029,Alvarães,AM,Amazonas,,,,,,,,,,,
1999,1304401,Urucurituba,AM,Amazonas,,,,,,,,,,,
1999,1400233,Caroebe,RR,Roraima,,,,,,,,,,,
1998,1400233,Caroebe,RR,Roraima,,,,,,,,,,,
2000,1400407,Normandia,RR,Roraima,,,,,,,,,,,
1999,1200336,Mâncio Lima,AC,Acre,,,,,,,,,,,
2000,1200807,Porto Acre,AC,Acre,,,,,,,,,,,
2001,1301001,Carauari,AM,Amazonas,,,,,,,,,,,
1999,1400506,São João da Baliza,RR,Roraima,,,,,,,,,,,
1998,1300029,Alvarães,AM,Amazonas,,,,,,,,,,,
1998,1300508,Barreirinha,AM,Amazonas,,,,,,,,,,,
1997,1301100,Careiro,AM,Amazonas,,,,,,,,,,,
1997,1302009,Itapiranga,AM,Amazonas,,,,,,,,,,,
1998,1302553,Manaquiri,AM,Amazonas,,,,,,,,,,,
1999,1303007,Nhamundá,AM,Amazonas,,,,,,,,,,,
2000,1303106,Nova Olinda do Norte,AM,Amazonas,,,,,,,,,,,
2002,1400605,São Luiz,RR,Roraima,,,,,,,,,,,
2000,1200013,Acrelândia,AC,Acre,,,,,,,,,,,
1999,1200344,Manoel Urbano,AC,Acre,,,,,,,,,,,
1998,1200450,Senador Guiomard,AC,Acre,,,,,,,,,,,
2000,1301159,Careiro da Várzea,AM,Amazonas,,,,,,,,,,,
1999,1301852,Iranduba,AM,Amazonas,,,,,,,,,,,
2000,1302553,Manaquiri,AM,Amazonas,,,,,,,,,,,
1996,1400050,Alto Alegre,RR,Roraima,,,,,,,,,,,
1995,1400100,Boa Vista,RR,Roraima,,,,,,,,,,,
2000,1400472,Rorainópolis,RR,Roraima,,,,,,,,,,,
2003,1200393,Porto Walter,AC,Acre,,,,,,,,,,,
1999,1301308,Codajás,AM,Amazonas,,,,,,,,,,,
2000,1400456,Pacaraima,RR,Roraima,,,,,,,,,,,
2001,1400605,São Luiz,RR,Roraima,,,,,,,,,,,
2000,1200138,Bujari,AC,Acre,,,,,,,,,,,
1999,1301001,Carauari,AM,Amazonas,,,,,,,,,,,
1999,1301407,Eirunepé,AM,Amazonas,,,,,,,,,,,
2000,1301852,Iranduba,AM,Amazonas,,,,,,,,,,,
1999,1303601,Santa Isabel do Rio Negro,AM,Amazonas,,,,,,,,,,,
2011,1302405,Lábrea,AM,Amazonas,10000,10000,3200,3200,3200,620.0,0.0,0.0,35000.0,0.0,0.0
2012,1303106,Nova Olinda do Norte,AM,Amazonas,1280,1280,334,334,325,75.0,0.0,0.0,0.0,0.0,0.0
2013,1301654,Guajará,AM,Amazonas,400,400,125,125,125,35.0,0.0,0.0,0.0,0.0,0.0
2015,1303106,Nova Olinda do Norte,AM,Amazonas,3121,3121,1000,1040,1040,317.75,0.0,0.0,0.0,0.0,0.0
2019,1301654,Guajará,AM,Amazonas,1018,782,250,270,230,97.0,0.0,0.0,0.0,,0.0
2022,1301654,Guajará,AM,Amazonas,1018,,250,290,230,97.0,0.0,0.0,0.0,0.0,0.0
2015,1301654,Guajará,AM,Amazonas,650,600,130,130,130,50.0,0.0,0.0,0.0,,0.0
2014,1301654,Guajará,AM,Amazonas,500,500,127,130,130,45.0,0.0,0.0,0.0,0.0,0.0
2016,1303106,Nova Olinda do Norte,AM,Amazonas,3121,3121,1000,1040,1040,317.75,0.0,0.0,0.0,0.0,0.0
2012,1301654,Guajará,AM,Amazonas,400,400,125,125,125,29.0,0.0,0.0,0.0,0.0,0.0
2011,1200104,Brasiléia,AC,Acre,5000,5000,1300,1301,1250,54.0,54.0,0.0,0.0,0.0,0.0
2022,1300102,Anori,AM,Amazonas,3000,,1800,,,177.4,0.0,0.0,0.0,0.0,0.0
2021,1301803,Ipixuna,AM,Amazonas,500,100,20,,,10.0,0.0,0.0,0.0,99599.99,0.0
2012,1300631,Beruri,AM,Amazonas,32,32,12,13,8,1.8,0.0,0.0,90000.0,3600.0,0.0
2018,1301654,Guajará,AM,Amazonas,1015,779,200,249,199,95.0,0.0,0.0,0.0,,0.0
2010,1300086,Anamã,AM,Amazonas,4000,4000,750,750,750,,0.0,0.0,10000.0,,0.0
2012,1300086,Anamã,AM,Amazonas,4100,4100,970,970,950,161.5,0.0,0.0,20000.0,59000.0,0.0
2022,1301803,Ipixuna,AM,Amazonas,130,,30,,,11.0,0.0,0.0,0.0,99398.0,0.0
2010,1303106,Nova Olinda do Norte,AM,Amazonas,1280,1280,215,215,207,,0.0,0.0,0.0,0.0,0.0
2021,1301654,Guajará,AM,Amazonas,1018,782,250,290,230,97.0,0.0,0.0,0.0,,0.0
2020,1301803,Ipixuna,AM,Amazonas,100,100,20,,,10.0,0.0,0.0,0.0,0.0,0.0
2012,1300029,Alvarães,AM,Amazonas,200,200,54,54,54,30.0,0.0,0.0,0.0,0.0,0.0
2010,1200385,Plácido de Castro,AC,Acre,1172,1172,293,293,293,49.25,49.25,49.25,0.0,0.0,0.0
2020,1300029,Alvarães,AM,Amazonas,9081,9081,40,,,150.0,0.0,0.0,40000.0,512461.1,0.0
2011,1303106,Nova Olinda do Norte,AM,Amazonas,1280,1280,215,215,207,75.0,0.0,0.0,0.0,0.0,0.0
2022,1300839,Caapiranga,AM,Amazonas,320,,2,,,50.0,0.0,0.0,0.0,0.0,0.0
2020,1300102,Anori,AM,Amazonas,6000,6000,1500,1500,,290.45,0.0,0.0,0.0,0.0,0.0
2016,1301654,Guajará,AM,Amazonas,950,700,160,170,160,70.0,0.0,0.0,0.0,,0.0
2011,1300086,Anamã,AM,Amazonas,4100,4100,970,970,950,161.5,0.0,0.0,20000.0,59000.0,0.0
2018,1303106,Nova Olinda do Norte,AM,Amazonas,5301,5301,25,25,,273.75,0.0,0.0,0.0,96.28,0.0
2020,1301654,Guajará,AM,Amazonas,1018,782,250,270,230,97.0,0.0,0.0,0.0,,0.0
2017,1301654,Guajará,AM,Amazonas,990,750,195,200,185,80.0,0.0,0.0,0.0,,0.0
2020,1301308,Codajás,AM,Amazonas,,,,,,,,,,1301783.79,0.0
2019,1400704,Uiramutã,RR,Roraima,,,,,,,,,,0.0,0.0
2012,1301407,Eirunepé,AM,Amazonas,,,,,,,,,,,0.0
2015,1301605,Fonte Boa,AM,Amazonas,,,,,,,,,,0.0,0.0
2009,1200013,Acrelândia,AC,Acre,,,,,,,,,,0.0,0.0
2008,1200336,Mâncio Lima,AC,Acre,,,,,,,,,,0.0,0.0
2008,1200351,Marechal Thaumaturgo,AC,Acre,,,,,,,,,,0.0,0.0
2008,1200435,Santa Rosa do Purus,AC,Acre,,,,,,,,,,0.0,0.0
2002,1200104,Brasiléia,AC,Acre,,,,,,,,,,0.0,0.0
2002,1200252,Epitaciolândia,AC,Acre,,,,,,,,,,0.0,0.0
2005,1200450,Senador Guiomard,AC,Acre,,,,,,,,,,0.0,0.0
2022,1300201,Atalaia do Norte,AM,Amazonas,,,,,,,,,,0.0,0.0
2017,1300607,Benjamin Constant,AM,Amazonas,,,,,,,,,,0.0,0.0
2020,1302702,Manicoré,AM,Amazonas,,,,,,,,,,0.0,0.0
2021,1303809,São Gabriel da Cachoeira,AM,Amazonas,,,,,,,,,,0.0,0.0
2014,1301100,Careiro,AM,Amazonas,,,,,,,,,,0.0,0.0
2014,1302553,Manaquiri,AM,Amazonas,,,,,,,,,,0.0,0.0
2012,1303908,São Paulo de Olivença,AM,Amazonas,,,,,,,,,,,0.0
2010,1200104,Brasiléia,AC,Acre,,,,,,,,,,0.0,0.0
2007,1301159,Careiro da Várzea,AM,Amazonas,,,,,,,,,,0.0,0.0
2008,1302504,Manacapuru,AM,Amazonas,,,,,,,,,,,
2004,1300060,Amaturá,AM,Amazonas,,,,,,,,,,,0.0
2001,1302405,Lábrea,AM,Amazonas,,,,,,,,,,,
2022,1302504,Manacapuru,AM,Amazonas,,,,,,,,,,0.0,0.0
2018,1300805,Borba,AM,Amazonas,,,,,,,,,,0.0,0.0
2013,1300409,Barcelos,AM,Amazonas,,,,,,,,,,,0.0
2014,1300607,Benjamin Constant,AM,Amazonas,,,,,,,,,,0.0,0.0
2008,1200427,Rodrigues Alves,AC,Acre,,,,,,,,,,0.0,0.0
2009,1300086,Anamã,AM,Amazonas,,,,,,,,,,0.0,40000.0
2010,1300706,Boca do Acre,AM,Amazonas,,,,,,,,,,,
2008,1301001,Carauari,AM,Amazonas,,,,,,,,,,0.0,0.0
2007,1301407,Eirunepé,AM,Amazonas,,,,,,,,,,0.0,0.0
2008,1301803,Ipixuna,AM,Amazonas,,,,,,,,,,,
2002,1200302,Feijó,AC,Acre,,,,,,,,,,0.0,0.0
2006,1200708,Xapuri,AC,Acre,,,,,,,,,,0.0,0.0
2021,1300029,Alvarães,AM,Amazonas,,,,,,,,,,0.0,0.0
2019,1300029,Alvarães,AM,Amazonas,,,,,,,,,,0.0,0.0
2017,1300029,Alvarães,AM,Amazonas,,,,,,,,,,0.0,0.0
2021,1300680,Boa Vista do Ramos,AM,Amazonas,,,,,,,,,,88775.73,0.0
2021,1302405,Lábrea,AM,Amazonas,,,,,,,,,,0.0,0.0
2017,1302553,Manaquiri,AM,Amazonas,,,,,,,,,,0.0,0.0
2018,1304005,Silves,AM,Amazonas,,,,,,,,,,0.0,0.0
2012,1301100,Careiro,AM,Amazonas,,,,,,,,,,679.44,0.0
2012,1302504,Manacapuru,AM,Amazonas,,,,,,,,,,0.0,0.0
2010,1200328,Jordão,AC,Acre,,,,,,,,,,0.0,0.0
2009,1200344,Manoel Urbano,AC,Acre,,,,,,,,,,0.0,0.0
2007,1200344,Manoel Urbano,AC,Acre,,,,,,,,,,0.0,0.0
2008,1300805,Borba,AM,Amazonas,,,,,,,,,,0.0,0.0
2011,1301506,Envira,AM,Amazonas,,,,,,,,,,0.0,0.0
2005,1200179,Capixaba,AC,Acre,,,,,,,,,,0.0,0.0
2003,1200203,Cruzeiro do Sul,AC,Acre,,,,,,,,,,0.0,0.0
2005,1200344,Manoel Urbano,AC,Acre,,,,,,,,,,0.0,0.0
2004,1200807,Porto Acre,AC,Acre,,,,,,,,,,0.0,0.0
2002,1200807,Porto Acre,AC,Acre,,,,,,,,,,0.0,0.0
2006,1303809,São Gabriel da Cachoeira,AM,Amazonas,,,,,,,,,,0.0,0.0
2005,1304062,Tabatinga,AM,Amazonas,,,,,,,,,,0.0,0.0
2014,1300060,Amaturá,AM,Amazonas,,,,,,,,,,0.0,0.0
2015,1300300,Autazes,AM,Amazonas,,,,,,,,,,,0.0
2013,1301407,Eirunepé,AM,Amazonas,,,,,,,,,,0.0,0.0
2012,1301506,Envira,AM,Amazonas,,,,,,,,,,2000.0,0.0
2009,1301407,Eirunepé,AM,Amazonas,,,,,,,,,,0.0,0.0
2010,1302553,Manaquiri,AM,Amazonas,,,,,,,,,,1623.35,0.0
2005,1200203,Cruzeiro do Sul,AC,Acre,,,,,,,,,,0.36,0.0
2004,1200385,Plácido de Castro,AC,Acre,,,,,,,,,,0.0,0.0
2001,1302009,Itapiranga,AM,Amazonas,,,,,,,,,,,
2022,1303007,Nhamundá,AM,Amazonas,,,,,,,,,,0.0,0.0
2020,1301209,Coari,AM,Amazonas,,,,,,,,,,0.0,0.0
2019,1301308,Codajás,AM,Amazonas,,,,,,,,,,0.0,0.0
2019,1302405,Lábrea,AM,Amazonas,,,,,,,,,,,0.0
2020,1400704,Uiramutã,RR,Roraima,,,,,,,,,,,0.0
2014,1302504,Manacapuru,AM,Amazonas,,,,,,,,,,0.0,0.0
2008,1200054,Assis Brasil,AC,Acre,,,,,,,,,,0.0,0.0
2010,1200252,Epitaciolândia,AC,Acre,,,,,,,,,,0.0,0.0
2008,1301308,Codajás,AM,Amazonas,,,,,,,,,,0.0,0.0
2003,1302009,Itapiranga,AM,Amazonas,,,,,,,,,,0.0,0.0
2022,1303957,São Sebastião do Uatumã,AM,Amazonas,,,,,,,,,,0.0,0.0
2020,1300805,Borba,AM,Amazonas,,,,,,,,,,0.0,0.0
2010,1200344,Manoel Urbano,AC,Acre,,,,,,,,,,0.0,0.0
2002,1200450,Senador Guiomard,AC,Acre,,,,,,,,,,0.0,0.0
2006,1303700,Santo Antônio do Içá,AM,Amazonas,,,,,,,,,,0.0,0.0
2006,1304203,Tefé,AM,Amazonas,,,,,,,,,,0.0,0.0
2022,1300680,Boa Vista do Ramos,AM,Amazonas,,,,,,,,,,18942.06,0.0
2021,1304104,Tapauá,AM,Amazonas,,,,,,,,,,0.0,0.0
2015,1301506,Envira,AM,Amazonas,,,,,,,,,,127371.0,0.0
2013,1302207,Juruá,AM,Amazonas,,,,,,,,,,107368.12,0.0
2012,1302702,Manicoré,AM,Amazonas,,,,,,,,,,0.0,0.0
2007,1200203,Cruzeiro do Sul,AC,Acre,,,,,,,,,,0.0,0.0
2008,1200450,Senador Guiomard,AC,Acre,,,,,,,,,,0.0,0.0
2008,1200708,Xapuri,AC,Acre,,,,,,,,,,0.0,0.0
2010,1300300,Autazes,AM,Amazonas,,,,,,,,,,404895.51,0.0
2010,1301308,Codajás,AM,Amazonas,,,,,,,,,,2014.88,0.0
2010,1302504,Manacapuru,AM,Amazonas,,,,,,,,,,0.0,0.0
2007,1303700,Santo Antônio do Içá,AM,Amazonas,,,,,,,,,,0.0,0.0
2001,1200203,Cruzeiro do Sul,AC,Acre,,,,,,,,,,0.0,
2017,1300805,Borba,AM,Amazonas,,,,,,,,,,0.0,0.0
2017,1303908,São Paulo de Olivença,AM,Amazonas,,,,,,,,,,0.0,0.0
2015,1300631,Beruri,AM,Amazonas,,,,,,,,,,,0.0
2015,1301159,Careiro da Várzea,AM,Amazonas,,,,,,,,,,,0.0
2016,1301506,Envira,AM,Amazonas,,,,,,,,,,29988.0,0.0
2016,1302504,Manacapuru,AM,Amazonas,,,,,,,,,,0.0,0.0
2014,1303502,Pauini,AM,Amazonas,,,,,,,,,,362900.4,1500.0
2013,1303601,Santa Isabel do Rio Negro,AM,Amazonas,,,,,,,,,,0.0,0.0
2012,1304062,Tabatinga,AM,Amazonas,,,,,,,,,,,0.0
2007,1200302,Feijó,AC,Acre,,,,,,,,,,0.0,0.0
2010,1200435,Santa Rosa do Purus,AC,Acre,,,,,,,,,,0.0,0.0
2008,1300706,Boca do Acre,AM,Amazonas,,,,,,,,,,,0.0
2008,1301704,Humaitá,AM,Amazonas,,,,,,,,,,,0.0
2008,1301951,Itamarati,AM,Amazonas,,,,,,,,,,0.0,0.0
2011,1302207,Juruá,AM,Amazonas,,,,,,,,,,0.0,0.0
2006,1200013,Acrelândia,AC,Acre,,,,,,,,,,0.0,0.0
2005,1200104,Brasiléia,AC,Acre,,,,,,,,,,0.0,0.0
2005,1200138,Bujari,AC,Acre,,,,,,,,,,0.23,0.0
2004,1200138,Bujari,AC,Acre,,,,,,,,,,0.0,0.0
2003,1200609,Tarauacá,AC,Acre,,,,,,,,,,0.0,0.0
2001,1200336,Mâncio Lima,AC,Acre,,,,,,,,,,0.0,
2015,1301308,Codajás,AM,Amazonas,,,,,,,,,,,0.0
2011,1301159,Careiro da Várzea,AM,Amazonas,,,,,,,,,,0.0,0.0
2011,1303908,São Paulo de Olivença,AM,Amazonas,,,,,,,,,,0.0,0.0
2006,1200807,Porto Acre,AC,Acre,,,,,,,,,,0.0,0.0
2006,1302553,Manaquiri,AM,Amazonas,,,,,,,,,,0.0,0.0
2022,1300706,Boca do Acre,AM,Amazonas,,,,,,,,,,0.0,0.0
2014,1301308,Codajás,AM,Amazonas,,,,,,,,,,0.0,0.0
2014,1301506,Envira,AM,Amazonas,,,,,,,,,,136978.0,0.0
2007,1200252,Epitaciolândia,AC,Acre,,,,,,,,,,0.0,0.0
2011,1301951,Itamarati,AM,Amazonas,,,,,,,,,,0.0,0.0
2004,1200104,Brasiléia,AC,Acre,,,,,,,,,,0.0,0.0
2004,1200179,Capixaba,AC,Acre,,,,,,,,,,0.0,0.0
2006,1301308,Codajás,AM,Amazonas,,,,,,,,,,0.0,0.0
2005,1301407,Eirunepé,AM,Amazonas,,,,,,,,,,0.0,0.0
2001,1200450,Senador Guiomard,AC,Acre,,,,,,,,,,0.0,
2001,1301407,Eirunepé,AM,Amazonas,,,,,,,,,,,
2001,1302801,Maraã,AM,Amazonas,,,,,,,,,,,
2001,1303502,Pauini,AM,Amazonas,,,,,,,,,,,
2022,1303908,São Paulo de Olivença,AM,Amazonas,,,,,,,,,,0.0,0.0
2017,1302504,Manacapuru,AM,Amazonas,,,,,,,,,,0.0,0.0
2020,1303908,São Paulo de Olivença,AM,Amazonas,,,,,,,,,,303384.6,0.0
2017,1400704,Uiramutã,RR,Roraima,,,,,,,,,,0.0,0.0
2015,1300805,Borba,AM,Amazonas,,,,,,,,,,0.0,0.0
2013,1303205,Novo Airão,AM,Amazonas,,,,,,,,,,4161.5,0.0
2014,1303908,São Paulo de Olivença,AM,Amazonas,,,,,,,,,,0.0,0.0
2008,1200104,Brasiléia,AC,Acre,,,,,,,,,,0.0,0.0
2011,1300409,Barcelos,AM,Amazonas,,,,,,,,,,61626.7,0.0
2007,1301951,Itamarati,AM,Amazonas,,,,,,,,,,0.0,0.0
2011,1304062,Tabatinga,AM,Amazonas,,,,,,,,,,0.0,0.0
2006,1200435,Santa Rosa do Purus,AC,Acre,,,,,,,,,,0.0,0.0
2005,1301159,Careiro da Várzea,AM,Amazonas,,,,,,,,,,0.0,0.0
2022,1303106,Nova Olinda do Norte,AM,Amazonas,,,,,,,,,,0.0,0.0
2021,1304237,Tonantins,AM,Amazonas,,,,,,,,,,0.0,0.0
2016,1300029,Alvarães,AM,Amazonas,,,,,,,,,,0.0,0.0
2008,1200252,Epitaciolândia,AC,Acre,,,,,,,,,,0.0,0.0
2008,1200500,Sena Madureira,AC,Acre,,,,,,,,,,0.0,0.0
2011,1301605,Fonte Boa,AM,Amazonas,,,,,,,,,,0.0,0.0
2007,1302207,Juruá,AM,Amazonas,,,,,,,,,,0.0,0.0
2006,1301605,Fonte Boa,AM,Amazonas,,,,,,,,,,0.0,0.0
2001,1300201,Atalaia do Norte,AM,Amazonas,,,,,,,,,,,
2001,1300706,Boca do Acre,AM,Amazonas,,,,,,,,,,,
2022,1303601,Santa Isabel do Rio Negro,AM,Amazonas,,,,,,,,,,0.0,0.0
2018,1300706,Boca do Acre,AM,Amazonas,,,,,,,,,,0.0,0.0
2020,1301407,Eirunepé,AM,Amazonas,,,,,,,,,,281254.69,0.0
2017,1301407,Eirunepé,AM,Amazonas,,,,,,,,,,0.0,0.0
2008,1200385,Plácido de Castro,AC,Acre,,,,,,,,,,0.0,0.0
2007,1200807,Porto Acre,AC,Acre,,,,,,,,,,0.0,0.0
2021,1300631,Beruri,AM,Amazonas,,,,,,,,,,1000.0,0.0
2014,1300029,Alvarães,AM,Amazonas,,,,,,,,,,0.0,0.0
2012,1300904,Canutama,AM,Amazonas,,,,,,,,,,0.0,0.0
2012,1303205,Novo Airão,AM,Amazonas,,,,,,,,,,0.0,0.0
2007,1200104,Brasiléia,AC,Acre,,,,,,,,,,0.0,0.0
2010,1200351,Marechal Thaumaturgo,AC,Acre,,,,,,,,,,0.0,0.0
2009,1200351,Marechal Thaumaturgo,AC,Acre,,,,,,,,,,0.0,0.0
2009,1200708,Xapuri,AC,Acre,,,,,,,,,,0.0,0.0
2007,1300300,Autazes,AM,Amazonas,,,,,,,,,,0.0,0.0
2006,1303908,São Paulo de Olivença,AM,Amazonas,,,,,,,,,,0.0,0.0
2001,1200252,Epitaciolândia,AC,Acre,,,,,,,,,,0.0,
2022,1301100,Careiro,AM,Amazonas,,,,,,,,,,0.0,0.0
2019,1301506,Envira,AM,Amazonas,,,,,,,,,,30206.0,0.0
2017,1301951,Itamarati,AM,Amazonas,,,,,,,,,,0.0,0.0
2013,1300607,Benjamin Constant,AM,Amazonas,,,,,,,,,,0.0,0.0
2015,1301951,Itamarati,AM,Amazonas,,,,,,,,,,,0.0
2009,1200203,Cruzeiro do Sul,AC,Acre,,,,,,,,,,0.0,0.0
2003,1200344,Manoel Urbano,AC,Acre,,,,,,,,,,0.0,0.0
2005,1300607,Benjamin Constant,AM,Amazonas,,,,,,,,,,0.0,0.0
2022,1301407,Eirunepé,AM,Amazonas,,,,,,,,,,0.0,0.0
2022,1304401,Urucurituba,AM,Amazonas,,,,,,,,,,10000.0,0.0
2019,1300805,Borba,AM,Amazonas,,,,,,,,,,0.0,0.0
2012,1300201,Atalaia do Norte,AM,Amazonas,,,,,,,,,,179999.34,0.0
2013,1300631,Beruri,AM,Amazonas,,,,,,,,,,3600.0,0.0
2016,1302207,Juruá,AM,Amazonas,,,,,,,,,,0.0,0.0
2012,1302207,Juruá,AM,Amazonas,,,,,,,,,,,0.0
2010,1200302,Feijó,AC,Acre,,,,,,,,,,0.0,0.0
2009,1301001,Carauari,AM,Amazonas,,,,,,,,,,0.0,0.0
2007,1301308,Codajás,AM,Amazonas,,,,,,,,,,0.0,0.0
2003,1200138,Bujari,AC,Acre,,,,,,,,,,0.0,0.0
2006,1200336,Mâncio Lima,AC,Acre,,,,,,,,,,0.0,0.0
2004,1200344,Manoel Urbano,AC,Acre,,,,,,,,,,0.0,0.0
2006,1200427,Rodrigues Alves,AC,Acre,,,,,,,,,,0.0,0.0
2005,1300300,Autazes,AM,Amazonas,,,,,,,,,,0.0,0.0
2001,1200500,Sena Madureira,AC,Acre,,,,,,,,,,0.0,
2020,1301951,Itamarati,AM,Amazonas,,,,,,,,,,81035.34,0.0
2020,1303601,Santa Isabel do Rio Negro,AM,Amazonas,,,,,,,,,,0.0,0.0
2014,1300805,Borba,AM,Amazonas,,,,,,,,,,0.0,0.0
2007,1200609,Tarauacá,AC,Acre,,,,,,,,,,0.0,0.0
2010,1300508,Barreirinha,AM,Amazonas,,,,,,,,,,0.0,0.0
2006,1200054,Assis Brasil,AC,Acre,,,,,,,,,,0.0,0.0
2003,1300060,Amaturá,AM,Amazonas,,,,,,,,,,,
2005,1301308,Codajás,AM,Amazonas,,,,,,,,,,0.0,0.0
2012,1300060,Amaturá,AM,Amazonas,,,,,,,,,,0.0,0.0
2013,1302553,Manaquiri,AM,Amazonas,,,,,,,,,,0.0,0.0
2009,1200054,Assis Brasil,AC,Acre,,,,,,,,,,0.0,0.0
2010,1200336,Mâncio Lima,AC,Acre,,,,,,,,,,0.0,0.0
2009,1200435,Santa Rosa do Purus,AC,Acre,,,,,,,,,,0.0,0.0
2011,1300904,Canutama,AM,Amazonas,,,,,,,,,,0.0,0.0
2011,1301308,Codajás,AM,Amazonas,,,,,,,,,,0.0,0.0
2010,1301407,Eirunepé,AM,Amazonas,,,,,,,,,,3632.21,0.0
2010,1301951,Itamarati,AM,Amazonas,,,,,,,,,,61775.64,0.0
2008,1302207,Juruá,AM,Amazonas,,,,,,,,,,0.0,0.0
2002,1200203,Cruzeiro do Sul,AC,Acre,,,,,,,,,,0.0,0.0
2006,1200252,Epitaciolândia,AC,Acre,,,,,,,,,,0.0,0.0
2006,1200450,Senador Guiomard,AC,Acre,,,,,,,,,,0.0,0.0
2005,1300029,Alvarães,AM,Amazonas,,,,,,,,,,0.0,0.0
2005,1301001,Carauari,AM,Amazonas,,,,,,,,,,0.0,0.0
2017,1302405,Lábrea,AM,Amazonas,,,,,,,,,,,0.0
2017,1302702,Manicoré,AM,Amazonas,,,,,,,,,,0.0,0.0
2020,1303304,Novo Aripuanã,AM,Amazonas,,,,,,,,,,0.0,0.0
2013,1301951,Itamarati,AM,Amazonas,,,,,,,,,,292607.77,0.0
2015,1304005,Silves,AM,Amazonas,,,,,,,,,,,0.0
2003,1200351,Marechal Thaumaturgo,AC,Acre,,,,,,,,,,0.0,0.0
2004,1200435,Santa Rosa do Purus,AC,Acre,,,,,,,,,,0.0,0.0
2005,1302207,Juruá,AM,Amazonas,,,,,,,,,,0.0,0.0
2022,1301308,Codajás,AM,Amazonas,,,,,,,,,,0.0,0.0
2020,1301159,Careiro da Várzea,AM,Amazonas,,,,,,,,,,376127.84,0.0
2017,1302207,Juruá,AM,Amazonas,,,,,,,,,,0.0,0.0
2020,1302504,Manacapuru,AM,Amazonas,,,,,,,,,,0.0,0.0
2014,1302207,Juruá,AM,Amazonas,,,,,,,,,,0.0,0.0
2007,1300029,Alvarães,AM,Amazonas,,,,,,,,,,0.0,0.0
2011,1301852,Iranduba,AM,Amazonas,,,,,,,,,,0.0,0.0
2002,1200013,Acrelândia,AC,Acre,,,,,,,,,,0.0,0.0
2002,1200179,Capixaba,AC,Acre,,,,,,,,,,0.0,0.0
2006,1301407,Eirunepé,AM,Amazonas,,,,,,,,,,0.0,0.0
2001,1200104,Brasiléia,AC,Acre,,,,,,,,,,0.0,
2022,1300409,Barcelos,AM,Amazonas,,,,,,,,,,27169.26,0.0
2021,1301308,Codajás,AM,Amazonas,,,,,,,,,,0.0,0.0
2020,1302405,Lábrea,AM,Amazonas,,,,,,,,,,0.0,0.0
2020,1303007,Nhamundá,AM,Amazonas,,,,,,,,,,0.0,0.0
2017,1304203,Tefé,AM,Amazonas,,,,,,,,,,0.0,0.0
2011,1200427,Rodrigues Alves,AC,Acre,,,,,,,,,,0.0,0.0
2008,1300607,Benjamin Constant,AM,Amazonas,,,,,,,,,,0.0,0.0
2007,1301209,Coari,AM,Amazonas,,,,,,,,,,0.0,0.0
2009,1301308,Codajás,AM,Amazonas,,,,,,,,,,0.0,0.0
2010,1304062,Tabatinga,AM,Amazonas,,,,,,,,,,936486.65,0.0
2005,1200609,Tarauacá,AC,Acre,,,,,,,,,,0.0,0.0
2001,1200385,Plácido de Castro,AC,Acre,,,,,,,,,,0.0,
2014,1300409,Barcelos,AM,Amazonas,,,,,,,,,,,0.0
2016,1400704,Uiramutã,RR,Roraima,,,,,,,,,,0.0,0.0
2011,1300508,Barreirinha,AM,Amazonas,,,,,,,,,,0.0,2000.0
2010,1301001,Carauari,AM,Amazonas,,,,,,,,,,3683.41,0.0
2001,1200179,Capixaba,AC,Acre,,,,,,,,,,0.0,
2021,1301159,Careiro da Várzea,AM,Amazonas,,,,,,,,,,0.0,0.0
2019,1301951,Itamarati,AM,Amazonas,,,,,,,,,,0.0,0.0
2021,1303304,Novo Aripuanã,AM,Amazonas,,,,,,,,,,0.0,0.0
2013,1301100,Careiro,AM,Amazonas,,,,,,,,,,0.0,0.0
2016,1301159,Careiro da Várzea,AM,Amazonas,,,,,,,,,,0.0,0.0
2007,1200351,Marechal Thaumaturgo,AC,Acre,,,,,,,,,,0.0,0.0
2008,1200609,Tarauacá,AC,Acre,,,,,,,,,,0.0,0.0
2009,1300029,Alvarães,AM,Amazonas,,,,,,,,,,0.0,0.0
2008,1301159,Careiro da Várzea,AM,Amazonas,,,,,,,,,,0.0,0.0
2008,1301407,Eirunepé,AM,Amazonas,,,,,,,,,,0.0,0.0
2004,1200203,Cruzeiro do Sul,AC,Acre,,,,,,,,,,0.0,0.0
2003,1200302,Feijó,AC,Acre,,,,,,,,,,0.0,0.0
2006,1200351,Marechal Thaumaturgo,AC,Acre,,,,,,,,,,0.0,0.0
2003,1200708,Xapuri,AC,Acre,,,,,,,,,,0.0,0.0
2021,1303601,Santa Isabel do Rio Negro,AM,Amazonas,,,,,,,,,,28000.0,0.0
2021,1304005,Silves,AM,Amazonas,,,,,,,,,,0.0,0.0
2009,1200450,Senador Guiomard,AC,Acre,,,,,,,,,,0.0,0.0
2007,1302553,Manaquiri,AM,Amazonas,,,,,,,,,,0.0,0.0
2011,1303205,Novo Airão,AM,Amazonas,,,,,,,,,,0.0,0.0
2011,1303502,Pauini,AM,Amazonas,,,,,,,,,,0.0,0.0
2006,1300607,Benjamin Constant,AM,Amazonas,,,,,,,,,,0.0,0.0
2005,1301209,Coari,AM,Amazonas,,,,,,,,,,0.0,0.0
2001,1301852,Iranduba,AM,Amazonas,,,,,,,,,,,
2022,1301506,Envira,AM,Amazonas,,,,,,,,,,25760.0,0.0
2022,1301951,Itamarati,AM,Amazonas,,,,,,,,,,0.0,0.0
2022,1303809,São Gabriel da Cachoeira,AM,Amazonas,,,,,,,,,,0.0,0.0
2016,1301308,Codajás,AM,Amazonas,,,,,,,,,,0.0,0.0
2010,1200450,Senador Guiomard,AC,Acre,,,,,,,,,,0.0,0.0
2009,1300607,Benjamin Constant,AM,Amazonas,,,,,,,,,,0.0,0.0
2010,1302207,Juruá,AM,Amazonas,,,,,,,,,,1419.09,0.0
2006,1200138,Bujari,AC,Acre,,,,,,,,,,0.0,0.0
2004,1200302,Feijó,AC,Acre,,,,,,,,,,0.0,0.0
2002,1200344,Manoel Urbano,AC,Acre,,,,,,,,,,0.0,0.0
2006,1301159,Careiro da Várzea,AM,Amazonas,,,,,,,,,,0.0,0.0
2006,1301852,Iranduba,AM,Amazonas,,,0,0,0,0.0,0.0,0.0,,0.0,0.0
2022,1301159,Careiro da Várzea,AM,Amazonas,,,,,,,,,,0.0,0.0
2022,1302207,Juruá,AM,Amazonas,,,,,,,,,,0.0,0.0
2016,1300300,Autazes,AM,Amazonas,,,,,,,,,,0.0,0.0
2015,1300607,Benjamin Constant,AM,Amazonas,,,,,,,,,,,0.0
2012,1300607,Benjamin Constant,AM,Amazonas,,,,,,,,,,,0.0
2013,1301159,Careiro da Várzea,AM,Amazonas,,,,,,,,,,644504.37,0.0
2007,1200013,Acrelândia,AC,Acre,,,,,,,,,,0.0,0.0
2007,1200385,Plácido de Castro,AC,Acre,,,,,,,,,,0.0,0.0
2007,1200500,Sena Madureira,AC,Acre,,,,,,,,,,0.0,0.0
2005,1200054,Assis Brasil,AC,Acre,,,,,,,,,,0.0,0.0
2002,1200138,Bujari,AC,Acre,,,,,,,,,,0.0,0.0
2003,1200450,Senador Guiomard,AC,Acre,,,,,,,,,,0.0,0.0
2006,1200609,Tarauacá,AC,Acre,,,,,,,,,,0.0,0.0
2006,1302702,Manicoré,AM,Amazonas,,,,,,,,,,0.0,0.0
2022,1304203,Tefé,AM,Amazonas,,,,,,,,,,0.0,0.0
2020,1304005,Silves,AM,Amazonas,,,,,,,,,,0.0,0.0
2009,1200336,Mâncio Lima,AC,Acre,,,,,,,,,,0.0,0.0
2007,1200435,Santa Rosa do Purus,AC,Acre,,,,,,,,,,0.0,0.0
2009,1301951,Itamarati,AM,Amazonas,,,,,,,,,,0.0,0.0
2006,1200328,Jordão,AC,Acre,,,,,,,,,,0.0,0.0
2005,1300060,Amaturá,AM,Amazonas,,,,,,,,,,0.0,0.0
2005,1303908,São Paulo de Olivença,AM,Amazonas,,,,,,,,,,0.0,0.0
2018,1302702,Manicoré,AM,Amazonas,,,,,,,,,,0.0,0.0
2015,1303908,São Paulo de Olivença,AM,Amazonas,,,,,,,,,,,0.0
2011,1300607,Benjamin Constant,AM,Amazonas,,,,,,,,,,0.0,0.0
2011,1301407,Eirunepé,AM,Amazonas,,,,,,,,,,0.0,0.0
2008,1303502,Pauini,AM,Amazonas,,,,,,,,,,0.0,0.0
2003,1200252,Epitaciolândia,AC,Acre,,,,,,,,,,0.0,0.0
2004,1200336,Mâncio Lima,AC,Acre,,,,,,,,,,0.0,0.0
2002,1200708,Xapuri,AC,Acre,,,,,,,,,,0.0,0.0
2006,1302504,Manacapuru,AM,Amazonas,,,,,,,,,,0.53,0.0
2001,1301209,Coari,AM,Amazonas,,,,,,,,,,,
2022,1400704,Uiramutã,RR,Roraima,,,,,,,,,,0.0,0.0
2021,1302009,Itapiranga,AM,Amazonas,,,,,,,,,,0.0,0.0
2014,1301951,Itamarati,AM,Amazonas,,,,,,,,,,0.0,0.0
2014,1303205,Novo Airão,AM,Amazonas,,,,,,,,,,2494.1,0.0
2016,1303304,Novo Aripuanã,AM,Amazonas,,,,,,,,,,0.0,0.0
2010,1200427,Rodrigues Alves,AC,Acre,,,,,,,,,,,
2010,1200500,Sena Madureira,AC,Acre,,,,,,,,,,0.0,0.0
2008,1300102,Anori,AM,Amazonas,,,,,,,,,,0.0,0.0
2011,1301704,Humaitá,AM,Amazonas,,,,,,,,,,,0.0
2003,1200336,Mâncio Lima,AC,Acre,,,,,,,,,,0.0,0.0
2004,1200450,Senador Guiomard,AC,Acre,,,,,,,,,,0.0,0.0
2022,1302702,Manicoré,AM,Amazonas,,,,,,,,,,449.1,0.0
2018,1302009,Itapiranga,AM,Amazonas,,,,,,,,,,0.0,23300.0
2020,1302207,Juruá,AM,Amazonas,,,,,,,,,,77194.88,0.0
2014,1301407,Eirunepé,AM,Amazonas,,,,,,,,,,0.0,0.0
2012,1303809,São Gabriel da Cachoeira,AM,Amazonas,,,,,,,,,,0.0,0.0
2008,1200013,Acrelândia,AC,Acre,,,,,,,,,,0.0,0.0
2007,1200450,Senador Guiomard,AC,Acre,,,,,,,,,,0.0,0.0
2009,1302553,Manaquiri,AM,Amazonas,,,,,,,,,,0.0,0.0
2004,1200054,Assis Brasil,AC,Acre,,,,,,,,,,,0.0
2006,1200500,Sena Madureira,AC,Acre,,,,,,,,,,0.0,0.0
2002,1200609,Tarauacá,AC,Acre,,,,,,,,,,0.0,0.0
2006,1302207,Juruá,AM,Amazonas,,,,,,,,,,0.0,0.0
2022,1300631,Beruri,AM,Amazonas,,,,,,,,,,2000.0,0.0
2020,1304203,Tefé,AM,Amazonas,,,,,,,,,,0.0,0.0
2013,1301308,Codajás,AM,Amazonas,,,,,,,,,,0.0,0.0
2015,1301407,Eirunepé,AM,Amazonas,,,,,,,,,,,0.0
2007,1200328,Jordão,AC,Acre,,,,,,,,,,0.0,0.0
2010,1300029,Alvarães,AM,Amazonas,,,,,,,,,,927.63,0.0
2009,1302207,Juruá,AM,Amazonas,,,,,,,,,,0.0,0.0
2004,1200013,Acrelândia,AC,Acre,,,,,,,,,,0.0,0.0
2004,1200500,Sena Madureira,AC,Acre,,,,,,,,,,0.0,0.0
2003,1200500,Sena Madureira,AC,Acre,,,,,,,,,,0.0,0.0
2004,1200708,Xapuri,AC,Acre,,,,,,,,,,0.0,0.0
2006,1300300,Autazes,AM,Amazonas,,,,,,,,,,0.0,0.0
2006,1302009,Itapiranga,AM,Amazonas,,,,,,,,,,,0.0
2001,1200302,Feijó,AC,Acre,,,,,,,,,,0.0,
2001,1200807,Porto Acre,AC,Acre,,,,,,,,,,0.0,
2021,1303106,Nova Olinda do Norte,AM,Amazonas,,,,,,,,,,0.0,0.0
2016,1300409,Barcelos,AM,Amazonas,,,,,,,,,,95140.0,0.0
2014,1301159,Careiro da Várzea,AM,Amazonas,,,,,,,,,,300000.0,0.0
2016,1302553,Manaquiri,AM,Amazonas,,,,,,,,,,0.0,0.0
2016,1303908,São Paulo de Olivença,AM,Amazonas,,,,,,,,,,0.0,0.0
2014,1400704,Uiramutã,RR,Roraima,,,,,,,,,,,0.0
2008,1300029,Alvarães,AM,Amazonas,,,,,,,,,,0.0,0.0
2007,1300060,Amaturá,AM,Amazonas,,,,,,,,,,0.0,0.0
2009,1300300,Autazes,AM,Amazonas,,,,,,,,,,0.0,0.0
2011,1302553,Manaquiri,AM,Amazonas,,,,,,,,,,0.0,0.0
2005,1200013,Acrelândia,AC,Acre,,,,,,,,,,0.0,0.0
2004,1200609,Tarauacá,AC,Acre,,,,,,,,,,0.0,0.0
2021,1300706,Boca do Acre,AM,Amazonas,,,,,,,,,,0.0,0.0
2018,1301159,Careiro da Várzea,AM,Amazonas,,,,,,,,,,668597.31,0.0
2017,1301308,Codajás,AM,Amazonas,,,,,,,,,,0.0,0.0
2015,1300029,Alvarães,AM,Amazonas,,,,,,,,,,,0.0
2003,1200179,Capixaba,AC,Acre,,,,,,,,,,0.0,0.0
2005,1200302,Feijó,AC,Acre,,,,,,,,,,0.0,0.0
2003,1400704,Uiramutã,RR,Roraima,,,,,,,,,,,0.0
2022,1303700,Santo Antônio do Içá,AM,Amazonas,,,,,,,,,,0.0,0.0
2019,1301159,Careiro da Várzea,AM,Amazonas,,,,,,,,,,0.0,0.0
2021,1304203,Tefé,AM,Amazonas,,,,,,,,,,0.0,0.0
2012,1300409,Barcelos,AM,Amazonas,,,,,,,,,,,0.0
2012,1301308,Codajás,AM,Amazonas,,,,,,,,,,,0.0
2007,1200138,Bujari,AC,Acre,,,,,,,,,,0.0,0.0
2008,1200328,Jordão,AC,Acre,,,,,,,,,,0.0,0.0
2009,1200807,Porto Acre,AC,Acre,,,,,,,,,,0.0,0.0
2010,1200609,Tarauacá,AC,Acre,,,,,,,,,,0.0,0.0
2009,1301803,Ipixuna,AM,Amazonas,,,,,,,,,,,
2007,1304203,Tefé,AM,Amazonas,,,,,,,,,,,0.0
2006,1200203,Cruzeiro do Sul,AC,Acre,,,,,,,,,,0.0,0.0
2004,1200351,Marechal Thaumaturgo,AC,Acre,,,,,,,,,,,0.0
2006,1300060,Amaturá,AM,Amazonas,,,,,,,,,,0.0,0.0
2006,1301951,Itamarati,AM,Amazonas,,,,,,,,,,0.0,0.0
2005,1302553,Manaquiri,AM,Amazonas,,,,,,,,,,0.0,0.0
2021,1301506,Envira,AM,Amazonas,,,,,,,,,,27670.0,0.0
2013,1301506,Envira,AM,Amazonas,,,,,,,,,,11644.0,0.0
2013,1301704,Humaitá,AM,Amazonas,,,,,,,,,,,0.0
2015,1400704,Uiramutã,RR,Roraima,,,,,,,,,,,0.0
2008,1300300,Autazes,AM,Amazonas,,,,,,,,,,0.0,0.0
2007,1301852,Iranduba,AM,Amazonas,,,,,,,,,,0.0,0.0
2008,1302553,Manaquiri,AM,Amazonas,,,,,,,,,,0.0,0.0
2003,1200104,Brasiléia,AC,Acre,,,,,,,,,,0.0,0.0
2005,1200252,Epitaciolândia,AC,Acre,,,,,,,,,,0.0,0.0
2005,1200351,Marechal Thaumaturgo,AC,Acre,,,,,,,,,,0.0,0.0
2006,1300409,Barcelos,AM,Amazonas,,,,,,,,,,0.0,0.0
2005,1301951,Itamarati,AM,Amazonas,,,,,,,,,,0.0,0.0
2001,1304203,Tefé,AM,Amazonas,,,,,,,,,,,
2022,1300607,Benjamin Constant,AM,Amazonas,,,,,,,,,,0.0,0.0
2018,1300029,Alvarães,AM,Amazonas,,,,,,,,,,438741.55,0.0
2019,1300300,Autazes,AM,Amazonas,,,,,,,,,,0.0,0.0
2021,1301100,Careiro,AM,Amazonas,,,,,,,,,,0.0,0.0
2013,1300029,Alvarães,AM,Amazonas,,,,,,,,,,388040.46,0.0
2012,1301852,Iranduba,AM,Amazonas,,,,,,,,,,0.0,0.0
2013,1304062,Tabatinga,AM,Amazonas,,,,,,,,,,0.0,0.0
2007,1200054,Assis Brasil,AC,Acre,,,,,,,,,,0.0,0.0
2009,1200302,Feijó,AC,Acre,,,,,,,,,,0.0,0.0
2009,1200609,Tarauacá,AC,Acre,,,,,,,,,,0.0,0.0
2006,1300029,Alvarães,AM,Amazonas,,,,,,,,,,0.0,0.0
2003,1302405,Lábrea,AM,Amazonas,,,,,,,,,,0.0,0.0
2022,1301704,Humaitá,AM,Amazonas,,,,,,,,,,0.0,0.0
2018,1302207,Juruá,AM,Amazonas,,,,,,,,,,68840.0,0.0
2012,1301159,Careiro da Várzea,AM,Amazonas,,,,,,,,,,,0.0
2013,1303908,São Paulo de Olivença,AM,Amazonas,,,,,,,,,,0.0,0.0
2009,1200385,Plácido de Castro,AC,Acre,,,,,,,,,,0.0,0.0
2011,1300060,Amaturá,AM,Amazonas,,,,,,,,,,0.0,0.0
2010,1300607,Benjamin Constant,AM,Amazonas,,,,,,,,,,3538.85,0.0
2011,1302504,Manacapuru,AM,Amazonas,,,,,,,,,,0.0,0.0
2007,1303908,São Paulo de Olivença,AM,Amazonas,,,,,,,,,,0.0,0.0
2007,1304062,Tabatinga,AM,Amazonas,,,,,,,,,,0.0,0.0
2017,1301506,Envira,AM,Amazonas,,,,,,,,,,31520.0,0.0
2019,1303908,São Paulo de Olivença,AM,Amazonas,,,,,,,,,,0.0,0.0
2016,1301407,Eirunepé,AM,Amazonas,,,,,,,,,,0.0,0.0
2016,1301951,Itamarati,AM,Amazonas,,,,,,,,,,0.0,0.0
2012,1400704,Uiramutã,RR,Roraima,,,,,,,,,,0.0,0.0
2007,1301001,Carauari,AM,Amazonas,,,,,,,,,,0.0,0.0
2010,1301159,Careiro da Várzea,AM,Amazonas,,,,,,,,,,164981.86,0.0
2009,1302504,Manacapuru,AM,Amazonas,,,,,,,,,,,
2003,1200013,Acrelândia,AC,Acre,,,,,,,,,,0.0,0.0
2006,1200302,Feijó,AC,Acre,,,,,,,,,,0.0,0.0
2005,1200500,Sena Madureira,AC,Acre,,,,,,,,,,0.0,0.0
2006,1300805,Borba,AM,Amazonas,,,0,0,0,0.0,0.0,0.0,,0.0,0.0
2006,1301001,Carauari,AM,Amazonas,,,,,,,,,,0.0,0.0
2005,1400704,Uiramutã,RR,Roraima,,,,,,,,,,,0.0
2017,1300300,Autazes,AM,Amazonas,,,,,,,,,,0.0,0.0
2020,1301704,Humaitá,AM,Amazonas,,,,,,,,,,0.0,0.0
2018,1302405,Lábrea,AM,Amazonas,,,,,,,,,,,0.0
2018,1302553,Manaquiri,AM,Amazonas,,,,,,,,,,249159.03,0.0
2015,1300409,Barcelos,AM,Amazonas,,,,,,,,,,,0.0
2015,1302207,Juruá,AM,Amazonas,,,,,,,,,,,0.0
2015,1302553,Manaquiri,AM,Amazonas,,,,,,,,,,,0.0
2011,1200344,Manoel Urbano,AC,Acre,,,,,,,,,,0.0,0.0
2008,1200807,Porto Acre,AC,Acre,,,,,,,,,,0.0,0.0
2009,1200500,Sena Madureira,AC,Acre,,,,,,,,,,0.0,0.0
2011,1300029,Alvarães,AM,Amazonas,,,,,,,,,,0.0,0.0
2004,1200252,Epitaciolândia,AC,Acre,,,,,,,,,,0.0,0.0
2006,1200385,Plácido de Castro,AC,Acre,,,,,,,,,,0.0,0.0
2005,1200708,Xapuri,AC,Acre,,,,,,,,,,0.0,0.0
2022,1302108,Japurá,AM,Amazonas,,,,,,,,,,0.0,0.0
2021,1301704,Humaitá,AM,Amazonas,,,,,,,,,,0.0,0.0
2014,1300300,Autazes,AM,Amazonas,,,,,,,,,,0.0,0.0
2013,1300300,Autazes,AM,Amazonas,,,,,,,,,,0.0,0.0
2009,1301159,Careiro da Várzea,AM,Amazonas,,,,,,,,,,0.0,0.0
2011,1302702,Manicoré,AM,Amazonas,,,,,,,,,,1000.0,0.0
2003,1200385,Plácido de Castro,AC,Acre,,,,,,,,,,0.0,0.0
2005,1200807,Porto Acre,AC,Acre,,,,,,,,,,0.0,0.0
2002,1200500,Sena Madureira,AC,Acre,,,,,,,,,,0.0,0.0
2001,1303007,Nhamundá,AM,Amazonas,,,,,,,,,,,
2022,1300029,Alvarães,AM,Amazonas,,,,,,,,,,72623.12,0.0
2017,1301159,Careiro da Várzea,AM,Amazonas,,,,,,,,,,0.0,0.0
2018,1301951,Itamarati,AM,Amazonas,,,,,,,,,,475240.46,0.0
2021,1302207,Juruá,AM,Amazonas,,,,,,,,,,0.0,0.0
2008,1200302,Feijó,AC,Acre,,,,,,,,,,0.0,0.0
2007,1300607,Benjamin Constant,AM,Amazonas,,,,,,,,,,0.0,0.0
2007,1300805,Borba,AM,Amazonas,,,,,,,,,,0.0,0.0
2008,1304062,Tabatinga,AM,Amazonas,,,,,,,,,,0.0,0.0
2021,1300805,Borba,AM,Amazonas,,,,,,,,,,0.0,0.0
2019,1301407,Eirunepé,AM,Amazonas,,,,,,,,,,0.0,0.0
2016,1302405,Lábrea,AM,Amazonas,,,,,,,,,,,0.0
2011,1200351,Marechal Thaumaturgo,AC,Acre,,,,,,,,,,0.0,0.0
2010,1304203,Tefé,AM,Amazonas,,,,,,,,,,0.0,0.0
2005,1200385,Plácido de Castro,AC,Acre,,,,,,,,,,0.0,0.0
2000,1300060,Amaturá,AM,Amazonas,,,,,,,,,,0.0,
2001,1302702,Manicoré,AM,Amazonas,,,,,,,,,,,
2001,1303569,Rio Preto da Eva,AM,Amazonas,,,,,,,,,,,
2022,1302405,Lábrea,AM,Amazonas,,,,,,,,,,0.0,0.0
2022,1304005,Silves,AM,Amazonas,,,,,,,,,,0.0,0.0
2021,1301951,Itamarati,AM,Amazonas,,,,,,,,,,0.0,0.0
2012,1300805,Borba,AM,Amazonas,,,,,,,,,,0.0,0.0
2013,1400704,Uiramutã,RR,Roraima,,,,,,,,,,,0.0
2009,1200252,Epitaciolândia,AC,Acre,,,,,,,,,,0.0,0.0
2010,1301704,Humaitá,AM,Amazonas,,,,,,,,,,10000.0,0.0
2001,1300607,Benjamin Constant,AM,Amazonas,,,,,,,,,,,
2020,1300086,Anamã,AM,Amazonas,,,,,,,,,,0.0,0.0
2021,1300409,Barcelos,AM,Amazonas,,,,,,,,,,17408.0,0.0
2021,1303908,São Paulo de Olivença,AM,Amazonas,,,,,,,,,,0.0,0.0
2017,1304005,Silves,AM,Amazonas,,,,,,,,,,0.0,0.0
2008,1200203,Cruzeiro do Sul,AC,Acre,,,,,,,,,,0.0,0.0
2008,1200344,Manoel Urbano,AC,Acre,,,,,,,,,,0.0,0.0
2010,1200807,Porto Acre,AC,Acre,,,,,,,,,,0.0,0.0
2010,1302306,Jutaí,AM,Amazonas,,,,,,,,,,0.0,0.0
2006,1200104,Brasiléia,AC,Acre,,,,,,,,,,0.0,0.0
2005,1200435,Santa Rosa do Purus,AC,Acre,,,,,,,,,,0.0,0.0
2001,1200138,Bujari,AC,Acre,,,,,,,,,,0.0,
2001,1200344,Manoel Urbano,AC,Acre,,,,,,,,,,0.0,
2022,1303304,Novo Aripuanã,AM,Amazonas,,,,,,,,,,0.0,0.0
2020,1300680,Boa Vista do Ramos,AM,Amazonas,,,,,,,,,,0.0,0.0
2021,1301852,Iranduba,AM,Amazonas,,,,,,,,,,0.0,0.0
2021,1302504,Manacapuru,AM,Amazonas,,,,,,,,,,0.0,0.0
2019,1303502,Pauini,AM,Amazonas,,,,,,,,,,0.0,0.0
2021,1400704,Uiramutã,RR,Roraima,,,,,,,,,,124911.63,0.0
2014,1301605,Fonte Boa,AM,Amazonas,,,,,,,,,,999.0,0.0
2015,1302504,Manacapuru,AM,Amazonas,,,,,,,,,,0.0,0.0
2012,1303007,Nhamundá,AM,Amazonas,,,,,,,,,,0.0,0.0
2016,1303205,Novo Airão,AM,Amazonas,,,,,,,,,,0.0,0.0
2011,1300300,Autazes,AM,Amazonas,,,,,,,,,,0.0,0.0
2009,1303908,São Paulo de Olivença,AM,Amazonas,,,,,,,,,,0.0,0.0
2002,1200336,Mâncio Lima,AC,Acre,,,,,,,,,,0.0,0.0
2006,1200344,Manoel Urbano,AC,Acre,,,,,,,,,,0.0,0.0
2006,1301209,Coari,AM,Amazonas,,,,,,,,,,0.0,0.0
2018,1301308,Codajás,AM,Amazonas,,,,,,,,,,28750.98,0.0
2017,1303809,São Gabriel da Cachoeira,AM,Amazonas,,,,,,,,,,0.0,0.0
2019,1304005,Silves,AM,Amazonas,,,,,,,,,,0.0,0.0
2012,1301951,Itamarati,AM,Amazonas,,,,,,,,,,,0.0
2007,1200336,Mâncio Lima,AC,Acre,,,,,,,,,,0.0,0.0
2002,1200385,Plácido de Castro,AC,Acre,,,,,,,,,,0.0,0.0
2004,1400704,Uiramutã,RR,Roraima,,,,,,,,,,,0.0
2001,1200609,Tarauacá,AC,Acre,,,,,,,,,,0.0,
2020,1301506,Envira,AM,Amazonas,,,,,,,,,,30206.0,0.0
2021,1301605,Fonte Boa,AM,Amazonas,,,,,,,,,,0.0,0.0
2019,1302207,Juruá,AM,Amazonas,,,,,,,,,,0.0,0.0
2013,1300060,Amaturá,AM,Amazonas,,,,,,,,,,0.0,0.0
2016,1300805,Borba,AM,Amazonas,,,,,,,,,,0.0,0.0
2009,1304062,Tabatinga,AM,Amazonas,,,,,,,,,,0.0,79140.0
2011,1400704,Uiramutã,RR,Roraima,,,,,,,,,,0.0,0.0
2001,1200708,Xapuri,AC,Acre,,,,,,,,,,0.0,
2022,1302009,Itapiranga,AM,Amazonas,,,,,,,,,,0.0,0.0
2018,1300300,Autazes,AM,Amazonas,,,,,,,,,,1098561.62,0.0
2021,1301407,Eirunepé,AM,Amazonas,,,,,,,,,,0.0,0.0
2018,1301407,Eirunepé,AM,Amazonas,,,,,,,,,,0.0,0.0
2019,1302702,Manicoré,AM,Amazonas,,,,,,,,,,0.0,0.0
2020,1303106,Nova Olinda do Norte,AM,Amazonas,,,,,,,,,,154329.25,0.0
2012,1302553,Manaquiri,AM,Amazonas,,,,,,,,,,,0.0
2008,1303908,São Paulo de Olivença,AM,Amazonas,,,,,,,,,,0.0,0.0
2005,1200336,Mâncio Lima,AC,Acre,,,,,,,,,,0.0,0.0
2003,1200435,Santa Rosa do Purus,AC,Acre,,,,,,,,,,0.0,0.0
2001,1200013,Acrelândia,AC,Acre,,,,,,,,,,0.0,
2018,1303908,São Paulo de Olivença,AM,Amazonas,,,,,,,,,,0.0,0.0
2018,1400704,Uiramutã,RR,Roraima,,,,,,,,,,,0.0
2014,1300631,Beruri,AM,Amazonas,,,,,,,,,,,0.0
2012,1301605,Fonte Boa,AM,Amazonas,,,,,,,,,,,0.0
2015,1303205,Novo Airão,AM,Amazonas,,,,,,,,,,0.0,0.0
2009,1200104,Brasiléia,AC,Acre,,,,,,,,,,0.0,0.0
2009,1200328,Jordão,AC,Acre,,,,,,,,,,0.0,0.0
2007,1200708,Xapuri,AC,Acre,,,,,,,,,,0.0,0.0
2011,1303809,São Gabriel da Cachoeira,AM,Amazonas,,,,,,,,,,0.0,0.0
2010,1303908,São Paulo de Olivença,AM,Amazonas,,,,,,,,,,2267.87,0.0
2003,1200807,Porto Acre,AC,Acre,,,,,,,,,,0.0,0.0
2006,1304062,Tabatinga,AM,Amazonas,,,,,,,,,,0.0,0.0
2022,1300805,Borba,AM,Amazonas,,,,,,,,,,0.0,0.0
